id,name,start_year_production,end_year_production,model_id
1,"I Рестайлинг",2002,2006,3906
2,I,1999,2002,3906
3,II,2013,,4409
4,I,2004,2013,4409
5,"I Рестайлинг",2013,,17244
6,I,2007,2013,17244
7,"Mk VI",2013,,7
8,"Mk V",1999,2007,7
9,"Mk IV",1990,2001,7
10,"Mk III",1965,1967,7
11,II,2000,2003,8
12,I,1996,2000,8
13,II,2001,2005,10
14,I,1997,2000,10
15,"III Рестайлинг",2015,,20
16,III,2013,2015,20
17,"II Рестайлинг",2010,2013,20
18,II,2007,2010,20
19,I,2001,2006,20
20,II,2012,,13864
21,"I Рестайлинг",2009,2012,13864
22,I,2006,2009,13864
23,"II Рестайлинг",2008,2012,25
24,II,2004,2008,25
25,"I Рестайлинг",1998,2004,25
26,I,1995,1998,25
27,"IV Рестайлинг",2011,2014,32
28,IV,2008,2011,32
29,"III Рестайлинг",2006,2008,32
30,III,2003,2006,32
31,"II Рестайлинг",2001,2003,32
32,II,1999,2001,32
33,I,1995,1998,32
34,II,2008,,37
35,I,2003,2008,37
36,I,1934,1941,12367133
37,"I Рестайлинг",2003,2007,55
38,I,1998,2003,55
39,II,1990,1994,56
40,"I Рестайлинг",1986,1989,56
41,I,1983,1986,56
42,III,2010,,78
43,II,1977,1985,78
44,III,2006,2010,92
45,II,1995,2005,92
46,I,1966,1993,92
47,F30,2013,,53319
48,E90/E92,2007,2013,53319
49,E46,1999,2006,53319
50,E36,1993,1999,53319
51,E30,1987,1992,53319
52,F10/F11,2011,,53363
53,E60/61,2005,2010,53363
54,F12/F13,2011,,53307
55,E63/64,2005,2010,53307
56,E36,1992,1993,53307
57,E30,1984,1990,53307
58,E21,1978,1983,53307
59,"F01/F02 Рестайлинг",2013,,53341
60,F01/F02,2010,2012,53341
61,E65/66,2005,2008,53341
62,E28,1986,1987,53341
63,E24,1978,1988,53341
64,E12,1978,1982,53341
65,E90/E92,2005,2013,53335
66,"I Рестайлинг 2",2013,,199
67,"I Рестайлинг",2008,2013,199
68,I,2003,2008,199
69,"I (S)",2013,,20954
70,I,2010,2013,20954
71,II,2012,,207
72,I,2001,2007,207
73,"III Рестайлинг",2008,,208
74,III,2005,2008,208
75,II,1992,1999,208
76,I,1969,1989,208
77,II,2011,2012,214
78,I,1988,2000,214
79,"IV (C4)",1990,1994,16873
80,"III (C3) Рестайлинг",1988,1991,16873
81,"III (C3)",1982,1988,16873
82,"II (C2)",1976,1983,16873
83,"I (C1)",1968,1976,16873
84,"II (C3)",1983,1991,223
85,"I (C2)",1979,1982,223
86,"V (B4)",1991,1996,17118
87,"IV (B3)",1986,1991,17118
88,"III (B2)",1978,1986,17118
89,"II (B1)",1972,1978,17118
90,"II (B3)",1987,1991,7313
91,"I (B2)",1984,1987,7313
92,"I Рестайлинг",2014,,31569
93,I,2010,2015,31569
94,"III (8V)",2012,,231
95,"II (8P) Рестайлинг 2",2008,2013,231
96,"II (8P) Рестайлинг 1",2004,2008,231
97,"II (8P)",2003,2005,231
98,"I (8L) Рестайлинг",2000,2003,231
99,"I (8L)",1996,2000,231
100,"IV (B8) Рестайлинг",2011,,244
101,"IV (B8)",2009,2011,244
102,"V (B9)",2015,,236
103,"IV (B8) Рестайлинг",2011,,236
104,"IV (B8)",2007,2011,236
105,"III (B7)",2004,2009,236
106,"II (B6)",2000,2006,236
107,"I (B5) Рестайлинг",1997,2001,236
108,"I (B5)",1994,1997,236
109,"I Рестайлинг",2011,,18902
110,I,2007,2011,18902
111,"III (C7) Рестайлинг",2014,,260
112,"III (C7)",2012,2014,260
113,"II (C6)",2006,2012,260
114,"I (C5)",2000,2006,260
115,"IV (C7) Рестайлинг",2014,,245
116,"IV (C7)",2011,2014,245
117,"III (C6) Рестайлинг",2008,2011,245
118,"III (C6)",2004,2008,245
119,"II (C5) Рестайлинг",2001,2004,245
120,"II (C5)",1997,2001,245
121,"I (C4)",1994,1997,245
122,"I Рестайлинг",2014,,42075
123,I,2010,2014,42075
124,"III (D4) Рестайлинг",2013,,253
125,"III (D4)",2010,2013,253
126,"II (D3) Рестайлинг 2",2007,2010,253
127,"II (D3) Рестайлинг",2005,2007,253
128,"II (D3)",2002,2005,253
129,"I (D2) Рестайлинг",1999,2002,253
130,"I (D2)",1994,1999,253
131,"II (B3) Рестайлинг",1991,1996,265
132,"II (B3)",1988,1991,265
133,"I (B2) Рестайлинг",1984,1988,265
134,"I (B2)",1980,1984,265
135,"I Рестайлинг",2014,,45215
136,I,2011,2014,45215
137,"I Рестайлинг",2012,,24797
138,I,2008,2012,24797
139,II,2015,,4428
140,"I Рестайлинг",2009,2015,4428
141,I,2005,2009,4428
142,II,2015,,17738
143,"I Рестайлинг",2012,2015,17738
144,I,2007,2012,17738
145,"I Рестайлинг",2014,,52138
146,I,2013,,52138
147,II,2015,,44052
148,I,2011,2012,44052
149,"III (B8)",2012,,272
150,"II (B7)",2005,2012,272
151,"I (B5)",1999,2001,272
152,"III (C7) Рестайлинг",2014,,277
153,"III (C7)",2012,2014,277
154,"II (C6)",2007,2012,277
155,"I (C5)",2002,2006,277
156,"I Рестайлинг",2014,,52082
157,I,2013,,52082
158,"III (8V)",2012,,285
159,"II (8P) Рестайлинг",2008,2012,285
160,"II (8P)",2006,2008,285
161,"I (8L)",1999,2003,285
162,"V (B9)",2016,,289
163,"IV (B8) Рестайлинг",2012,,289
164,"IV (B8)",2008,2011,289
165,"III (B7)",2004,2008,289
166,"II (B6)",2002,2004,289
167,"I (B5)",1997,2001,289
168,"I Рестайлинг",2011,,48222
169,I,2007,2011,48222
170,"IV (C7) Рестайлинг",2014,,297
171,"IV (C7)",2012,2014,297
172,"III (C6) Рестайлинг",2008,2011,297
173,"III (C6)",2006,2008,297
174,"II (C5)",1999,2006,297
175,"I (C4)",1994,1997,297
176,"I Рестайлинг",2014,,48348
177,I,2012,2014,48348
178,"III (D4) Рестайлинг",2013,,304
179,"III (D4)",2012,2013,304
180,"II (D3) Рестайлинг",2007,2011,304
181,"II (D3)",2006,2007,304
182,"I (D2) Рестайлинг",1999,2002,304
183,"I (D2)",1996,1999,304
184,"III (8S)",2014,,307
185,"II (8J) Рестайлинг",2010,2014,307
186,"II (8J)",2006,2010,307
187,"I (8N) Рестайлинг",2003,2006,307
188,"I (8N)",1998,2003,307
189,"II (8J)",2009,2014,52845
190,"III (8S)",2014,,52843
191,"II (8J) Рестайлинг",2010,2014,52843
192,"II (8J)",2007,2010,52843
193,II,2002,2009,333
194,I,1998,2002,333
195,II,2005,2009,338
196,I,1995,2005,338
197,II,2008,2011,341
198,I,1994,1998,341
199,"II Рестайлинг",2015,,51262
200,II,2011,2015,51262
201,I,2003,2013,51262
202,II,2010,,355
203,I,1980,1993,355
204,I,1955,1965,12367350
205,"II (F20-F21) Рестайлинг",2015,,4277
206,"II (F20-F21)",2011,,4277
207,"I (E82/E88) Рестайлинг 2",2010,2014,4277
208,"I (E87/E81/E82/E88) Рестайлинг",2007,,4277
209,"I (E87)",2004,2007,4277
210,"I (E82)",2010,2012,53717
211,I,1937,1950,12373259
212,I,1936,1946,12373281
213,I,1949,1953,12373323
214,"VI (F3x) Рестайлинг",2015,,365
215,"VI (F3x)",2011,,365
216,"V (E9x) Рестайлинг",2008,2013,365
217,"V (E9x)",2005,2010,365
218,"IV (E46) Рестайлинг",2001,2006,365
219,"IV (E46)",1998,2003,365
220,"III (E36)",1990,2000,365
221,"II (E30)",1982,1994,365
222,"I (E21)",1975,1984,365
223,"VI (F10/F11/F07) Рестайлинг",2013,,384
224,"VI (F10/F11/F07)",2009,2013,384
225,"V (E60/E61) Рестайлинг",2007,2010,384
226,"V (E60/E61)",2002,2007,384
227,"IV (E39) Рестайлинг",2000,2003,384
228,"IV (E39)",1995,2000,384
229,"III (E34)",1988,1996,384
230,"II (E28)",1981,1987,384
231,"I (E12) Рестайлинг",1976,1981,384
232,"I (E12)",1972,1976,384
233,"III (F06/F13/F12) Рестайлинг",2015,,395
234,"III (F06/F13/F12)",2011,2015,395
235,"II (E63/E64) Рестайлинг",2007,2010,395
236,"II (E63/E64)",2003,2007,395
237,"I (E24)",1976,1990,395
238,"VI (G11/G12)",2015,,401
239,"V (F01/F02/F04) Рестайлинг",2012,2015,401
240,"V (F01/F02/F04)",2008,2012,401
241,"IV (E65/E66) Рестайлинг",2005,2008,401
242,"IV (E65/E66)",2001,2005,401
243,"III (E38) Рестайлинг",1998,2001,401
244,"III (E38)",1994,1998,401
245,"II (E32)",1986,1994,401
246,"I (E23)",1977,1986,401
247,E31,1989,1999,407
248,"V (F80)",2013,,53721
249,"IV (E9x)",2007,2013,53721
250,"III (E46)",1999,2006,53721
251,"II (E36)",1992,1999,53721
252,"I (E30)",1986,1992,53721
253,"V (F10)",2011,,53735
254,"IV (E60/E61)",2004,2010,53735
255,"III (E39)",1997,2003,53735
256,"II (E34)",1988,1997,53735
257,"I (E28)",1985,1988,53735
258,"III (F06/F13/F12)",2012,,53737
259,"II (E63/E64)",2005,2010,53737
260,"I (E24)",1984,1989,53737
261,"II (F48)",2015,,48682
262,"I (E84) Рестайлинг",2012,2015,48682
263,"I (E84)",2009,2012,48682
264,"II (F25) Рестайлинг",2014,,48686
265,"II (F25)",2010,2014,48686
266,"I (E83) Рестайлинг",2006,2010,48686
267,"I (E83)",2003,2006,48686
268,"III (F15)",2013,,30177
269,"II (E70) Рестайлинг",2010,2013,30177
270,"II (E70)",2006,2010,30177
271,"I (E53) Рестайлинг",2003,2006,30177
272,"I (E53)",1999,2003,30177
273,"II (F85)",2014,,53757
274,"I (E70)",2009,2013,53757
275,"II (F16)",2014,,48694
276,"I (E71) Рестайлинг",2012,,48694
277,"I (E71)",2007,2014,48694
278,"II (F86)",2014,,53759
279,"I (E71)",2009,2015,53759
280,"II (E89) Рестайлинг",2013,,48708
281,"II (E89)",2009,2013,48708
282,"I (E85/E86) Рестайлинг",2006,2009,48708
283,"I (E85/E86)",2003,2006,48708
284,"I Рестайлинг",2009,,16797
285,I,2005,2009,16797
286,"I Рестайлинг",2010,,16799
287,I,2006,2010,16799
288,VI,1997,2005,421
289,V,1982,1996,421
290,III,1973,1977,421
291,VIII,1999,2005,427
292,VII,1992,1999,427
293,VI,1986,1991,427
294,V,1977,1988,427
295,I,1959,1960,427
296,III,2007,,432
297,"II Рестайлинг",2003,2006,432
298,II,1996,2003,432
299,I,1991,1996,432
300,"V Рестайлинг",2015,,439
301,V,2009,2014,439
302,IV,1997,2008,439
303,III,1988,1997,439
304,VIII,1994,2000,446
305,VI,1979,1985,446
306,III,1971,1973,446
307,II,1966,1970,446
308,IX,1992,1998,453
309,VI,1980,1985,453
310,II,1949,1958,1231520
311,I,1936,1949,1231520
312,III,2013,,460
313,II,2007,2013,460
314,I,2002,2007,460
315,III,2015,,53991
316,II,2009,2013,53991
317,I,2004,2007,53991
318,VIII,1999,2005,464
319,VII,1994,1999,464
320,VI,1985,1993,464
321,V,1977,1984,464
322,IV,1971,1976,464
323,III,1965,1970,464
324,II,1961,1964,464
325,I,1958,1960,464
326,X,1992,2002,469
327,IX,1986,1991,469
328,VIII,1979,1985,469
329,VII,1971,1978,469
330,VI,1967,1970,469
331,V,1965,1966,469
332,IV,1960,1964,469
333,III,1957,1959,469
334,II,1953,1953,469
335,I,1953,1953,469
336,IV,2014,,473
337,III,2006,2014,473
338,II,2002,2006,473
339,I,1998,2002,473
340,II,1993,1996,17072
341,I,1984,1992,17072
342,"75 Series",1956,1976,17072
343,I,1940,1941,12373490
344,V,1998,2004,487
345,IV,1992,1997,487
346,III,1986,1991,487
347,II,1980,1985,487
348,I,1975,1979,487
349,II,2010,,4266
350,I,2003,2010,4266
351,"I Рестайлинг",2007,2011,13542
352,I,2004,2007,13542
353,"I Рестайлинг (FL)",2012,,13576
354,I,2005,,13576
355,II,2006,2013,16793
356,I,2001,2006,16793
357,II,2012,,4269
358,"I Рестайлинг",2006,2012,4269
359,I,2003,2008,4269
360,"II Рестайлинг",1998,2005,513
361,II,1994,1998,513
362,"I Рестайлинг",1990,1994,513
363,I,1983,1990,513
364,III,1992,2001,48336
365,II,1973,1991,48336
366,VI,2015,,518
367,"V Рестайлинг",2013,,518
368,V,2008,2013,518
369,"IV Рестайлинг",1998,2002,518
370,IV,1992,1998,518
371,"III Рестайлинг",1985,1992,518
372,III,1982,1985,518
373,II,1970,1981,518
374,I,1967,1969,518
375,VI,2006,,524
376,V,1999,2006,524
377,IV,1990,1998,524
378,III,1976,1990,524
379,"I Рестайлинг 2",2013,,4461
380,"I Рестайлинг",2011,2013,4461
381,I,2006,2011,4461
382,III,1995,2005,529
383,II,1988,1994,529
384,I,1982,1987,529
385,II,2011,,4375
386,I,2004,2011,4375
387,"C7 Stingray",2013,,543
388,C6,2004,2013,543
389,C5,1997,2004,543
390,C4,1984,1998,543
391,C3,1968,1982,543
392,C2,1963,1967,543
393,C1,1953,1962,543
394,II,2015,,25501
395,"I Рестайлинг",2013,,25501
396,I,2009,2013,25501
397,V,1978,1987,12382974
398,IV,1973,1977,12382974
399,III,1968,1972,12382974
400,II,1964,1967,12382974
401,I,1959,1960,12382974
402,"I Рестайлинг",2010,2012,13937
403,I,2006,2010,13937
404,"II Рестайлинг",2015,,4381
405,II,2009,2015,4381
406,I,2004,2009,4381
407,II,2003,,50770
408,I,1996,2002,50770
409,X,2013,,551
410,IX,2006,2013,551
411,VIII,1999,2006,551
412,VII,1994,1996,551
413,IV,1964,1969,551
414,IX,2015,,558
415,"VIII Рестайлинг",2013,2015,558
416,VIII,2011,2014,558
417,VII,2008,2012,558
418,"VI Рестайлинг",2006,2007,558
419,VI,2004,2006,558
420,"V Рестайлинг",2000,2004,558
421,V,1996,2000,558
422,IV,1978,1983,558
423,"I Рестайлинг",2009,,569
424,I,2002,2009,569
425,"III (K2XX)",2013,,15765
426,"II (GMT900)",2007,2013,15765
427,"I (GMT800) Рестайлинг",2002,2007,15765
428,"I (GMT800)",1998,2003,15765
429,IV,2015,,9799
430,III,2009,2015,9799
431,II,2005,2009,9799
432,XII,2014,,581
433,XI,2007,2013,581
434,X,2000,2006,581
435,IX,1991,2001,581
436,VIII,1973,1991,581
437,IV,2014,,586
438,III,2007,2014,586
439,II,1999,2007,586
440,I,1995,1999,586
441,"II (Trax)",2013,,590
442,I,1998,2004,590
443,II,2012,,594
444,"I Рестайлинг",2006,2010,594
445,I,2001,2006,594
446,II,2015,,45524
447,I,2010,,45524
448,II,2014,,50822
449,I,2010,2014,50822
450,"II Рестайлинг",2015,,9854
451,II,2011,2015,9854
452,I,2004,2010,9854
453,II,2012,,54009
454,I,2005,2010,54009
455,II,1997,2004,607
456,I,1992,1997,607
457,II,1990,1993,20847
458,I,1982,1989,20847
459,II,1998,2004,17076
460,I,1993,1997,17076
461,II,1999,2001,625
462,I,1994,1997,625
463,II,1999,2005,628
464,I,1994,1999,628
465,XIII,1994,1996,631
466,XII,1989,1993,631
467,VII,1965,1968,631
468,III,2006,2010,643
469,"II Рестайлинг",2003,2007,643
470,II,2000,2003,643
471,I,1994,2000,643
472,"V Рестайлинг",2011,,656
473,V,2008,2010,656
474,"IV Рестайлинг",2004,2007,656
475,IV,2001,2004,656
476,III,1995,2001,656
477,II,1990,1994,656
478,"V Рестайлинг",2011,,666
479,V,2008,,666
480,"IV Рестайлинг",2004,2008,666
481,IV,2001,2004,666
482,III,1995,,666
483,II,1991,1995,666
484,I,1988,1990,666
485,"II Рестайлинг 2",2015,,680
486,"II Рестайлинг",2012,2015,680
487,II,2008,2012,680
488,"I Рестайлинг",2002,2012,680
489,I,1996,2002,680
490,II,2014,,9892
491,"I Рестайлинг 2",2012,2014,9892
492,"I Рестайлинг",2008,2012,9892
493,I,2005,2008,9892
494,"II Рестайлинг",2013,,688
495,II,2009,2013,688
496,"I Рестайлинг",2005,2009,688
497,I,2002,2006,688
498,"I Рестайлинг",2012,,691
499,I,2009,,691
500,II,2010,,4318
501,"I Рестайлинг",2008,2011,4318
502,I,2004,2014,4318
503,II,2013,,4321
504,I,2006,2013,4321
505,II,2008,,693
506,"I Рестайлинг",2004,2008,693
507,I,2001,2004,693
508,"I Рестайлинг",2008,2014,698
509,I,2002,2008,698
510,II,1983,1995,700
511,I,1974,1986,700
512,"II Рестайлинг",2012,,13521
513,II,2007,2012,13521
514,I,1996,2007,13521
515,"I Рестайлинг",1998,2003,727
516,I,1993,1998,727
517,II,1994,2000,732
518,I,1989,1994,732
519,"I Рестайлинг",2013,,31871
520,I,2010,2013,31871
521,II,2013,,15971
522,I,2004,2012,15971
523,II,2013,,24081
524,I,2008,2012,24081
525,II,2005,,16824
526,I,1991,2004,16824
527,II,2013,2015,24807
528,I,2005,2011,24807
529,"I Рестайлинг",2000,,811
530,I,1998,2000,811
531,"I Рестайлинг",2008,2015,817
532,I,1995,2008,817
533,III,2002,,759
534,II,2000,2003,759
535,I,1997,2000,759
536,II,1997,2000,838
537,I,1989,1997,838
538,II,2005,,841
539,I,1999,2005,841
540,"IV Рестайлинг",1996,2000,844
541,IV,1993,2000,844
542,III,1987,1992,844
543,II,1983,1987,844
544,I,1977,1983,844
545,II,2014,,18798
546,I,2002,2012,18798
547,"VII (L275)",2006,,852
548,"VI (L250)",2003,2006,852
549,"V (L700)",1998,2003,852
550,"IV (L500)",1995,1998,852
551,"III (L200)",1990,1994,852
552,"II (L70)",1985,1990,852
553,"I (L55)",1980,1985,852
554,VII,2006,,870
555,VI,2002,2006,870
556,V,1998,2003,870
557,IV,2006,2010,872
558,II,1998,2009,872
559,M2,2005,,878
560,M1,1998,2005,878
561,"II Рестайлинг",2009,,881
562,II,2006,2009,881
563,I,1997,2006,881
564,II,2007,,917
565,I,1994,2000,917
566,V,2007,,918
567,IV,2001,2007,918
568,III,1995,2001,918
569,II,1990,1995,918
570,I,1984,1990,918
571,"III Рестайлинг 2",2015,,20666
572,"III Рестайлинг",2010,2015,20666
573,III,2007,2010,20666
574,II,1978,1983,20666
575,I,1962,1974,20666
576,II,2010,2015,15991
577,I,2005,2010,15991
578,III,2005,2011,927
579,II,1997,2005,927
580,I,1987,1996,927
581,"III Рестайлинг",2013,,931
582,III,2010,2013,931
583,"II Рестайлинг",2006,2009,931
584,II,2004,2006,931
585,I,1998,2004,931
586,II,1998,2004,934
587,I,1992,1998,934
588,II,1999,2005,9956
589,I,1993,1999,9956
590,"IV (DS/DJ)",2008,,4144
591,"III (DR/DH)",2001,2009,4144
592,"II (BR/BE)",1994,2001,4144
593,"I (D/W)",1981,1993,4144
594,III,1999,2001,4145
595,II,1981,1993,4145
596,I,1974,1980,4145
597,II,2001,2006,9960
598,I,1995,2001,9960
599,V,2012,,9964
600,IV,2008,2010,9964
601,III,2003,2006,9964
602,II,1996,2002,9964
603,I,1992,1996,9964
604,"I Рестайлинг",2015,,18648
605,I,2011,2015,18648
606,"II Рестайлинг",2015,,1015
607,II,2007,,1015
608,I,1957,1976,1015
609,II,2007,2013,1022
610,I,1995,2001,1022
611,"II Рестайлинг",2008,2011,1033
612,II,2005,2008,1033
613,I,1985,1996,1033
614,"II Рестайлинг",2015,,24162
615,II,2010,2015,24162
616,"I Рестайлинг",2005,,24162
617,I,2000,2005,24162
618,III,2007,,1041
619,II,1987,2000,1041
620,I,1977,1990,1041
621,"I Рестайлинг",2004,2010,1048
622,I,1998,2005,1048
623,II,2011,,1050
624,"I Рестайлинг",2000,2003,1050
625,I,1996,2000,1050
626,III,2011,,1052
627,II,2003,2012,1052
628,I,1981,2003,1052
629,"III Punto",2012,,1057
630,"III Punto Evo",2009,2012,1057
631,"III Grande Punto",2005,2009,1057
632,"II Рестайлинг",2003,2010,1057
633,II,1999,2003,1057
634,I,1993,1999,1057
635,II,1982,1988,1074
636,I,1978,1989,1074
637,II,2007,,13622
638,I,1996,2007,13622
639,II,2002,2014,1092
640,I,1994,2002,1092
641,II,1995,2002,1095
642,I,1983,1995,1095
643,V,1992,1998,17578
644,IV,1987,1991,17578
645,III,1980,1986,17578
646,II,1978,1979,17578
647,I,1966,1977,17578
648,"II Рестайлинг",2015,,19924
649,II,2010,,19924
650,"I Рестайлинг",2007,2010,19924
651,I,2003,2007,19924
652,III,1978,1987,1100
653,II,1974,1977,1100
654,II,1999,2011,1238
655,I,1992,1997,1238
656,II,2015,,19538
657,"I Рестайлинг",2011,2015,19538
658,I,2007,2011,19538
659,III,2012,,1244
660,II,2007,2012,1244
661,"I Рестайлинг 2",2007,2012,1244
662,"I Рестайлинг",2004,2007,1244
663,I,2000,2004,1244
664,III,1998,2003,48726
665,II,1991,1996,48726
666,"V Рестайлинг 2",1995,2000,1109
667,"V Рестайлинг 1",1991,1996,1109
668,V,1990,1992,1109
669,IV,1985,1990,1109
670,III,1980,1985,1109
671,II,1973,1981,1109
672,I,1968,1976,1109
673,"III Рестайлинг",2014,,1135
674,III,2006,2014,1135
675,II,2003,2006,1135
676,I,1996,2003,1135
677,"V Рестайлинг",2015,,1140
678,V,2010,,1140
679,IV,2003,2010,1140
680,III,2002,2006,1140
681,II,1995,2003,1140
682,I,1991,1994,1140
683,II,2006,2010,26694
684,I,2001,2005,26694
685,XIII,2015,,16830
686,XII,2009,2015,16830
687,XI,2005,2008,16830
688,X,1996,2004,16830
689,VIII,1987,1991,16830
690,III,1996,2002,23400
691,II,1994,1997,23400
692,I,1986,1993,23400
693,"Mk6 Рестайлинг",2013,,1146
694,Mk6,2008,2013,1146
695,Mk5,2001,2009,1146
696,"Mk4 Рестайлинг",1999,2001,1146
697,Mk4,1996,2001,1146
698,Mk3,1989,1995,1146
699,Mk2,1983,1989,1146
700,Mk1,1976,1983,1146
701,VI,2013,,54139
702,"V Рестайлинг",2005,2008,54139
703,V,2004,2005,54139
704,"I Рестайлинг",2013,,25511
705,I,2008,2013,25511
706,II,2007,2011,53491
707,"I Рестайлинг",2005,2007,53491
708,I,1999,2005,53491
709,"III Рестайлинг",2014,,1153
710,III,2011,2015,1153
711,"II Рестайлинг",2008,2011,1153
712,II,2005,2008,1153
713,"I Рестайлинг",2001,2005,1153
714,I,1998,2001,1153
715,III,2016,,54157
716,II,2009,2011,54157
717,I,2002,2005,54157
718,"III Рестайлинг",2014,,54147
719,III,2012,,54147
720,"II Рестайлинг",2008,2011,54147
721,II,2005,2008,54147
722,I,2001,2005,54147
723,II,2012,,48730
724,I,2005,2012,48730
725,III,1965,1968,12366942
726,III,2015,,1171
727,"II Рестайлинг",2010,2015,1171
728,II,2006,2010,1171
729,"I Рестайлинг",2000,2006,1171
730,I,1995,2000,1171
731,II,1980,1982,20576
732,I,1975,1980,20576
733,II,1977,1985,1174
734,I,1972,1977,1174
735,II,2009,,1180
736,I,1996,2008,1180
737,II,2012,,20891
738,I,2008,2012,20891
739,II,2000,2007,1185
740,I,1993,1998,1185
741,V,2014,,1188
742,"IV Рестайлинг",2010,2014,1188
743,IV,2006,2010,1188
744,"III Рестайлинг",2003,2007,1188
745,III,2000,2003,1188
746,II,1994,2001,1188
747,I,1993,1996,1188
748,III,2002,2007,54167
749,II,1999,2001,54167
750,VI,2014,,1247
751,V,2004,2014,1247
752,IV,1993,2005,1247
753,III,1978,1993,1247
754,I,1964,1974,1247
755,III,1990,1993,10146
756,II,1985,1990,10146
757,I,1983,1986,10146
758,II,1993,1998,1201
759,I,1988,1993,1201
760,III,1998,2011,52142
761,II,1993,1997,52142
762,IV,2015,,10732
763,III,2011,2015,10732
764,"II Рестайлинг",2009,2012,10732
765,II,2006,2009,10732
766,I,1998,2006,10732
767,II,2015,,13245
768,"I Рестайлинг",2010,2015,13245
769,I,2006,2010,13245
770,II,1994,1998,1206
771,I,1985,1994,1206
772,"I Рестайлинг",1987,1993,1212
773,I,1982,1989,1212
774,III,1979,1982,1218
775,II,1975,1979,1218
776,I,1970,1976,1218
777,P5,1964,1967,1218
778,"VI Рестайлинг",2012,,1256
779,VI,2009,2012,1256
780,V,2008,2009,1256
781,"IV Рестайлинг",2004,2007,1256
782,IV,2000,2004,1256
783,III,1996,1999,1256
784,II,1992,1995,1256
785,I,1986,1991,1256
786,V,1997,1999,1005941
787,III,1991,1995,1005941
788,II,1987,1991,1005941
789,"XI (Retro Birds)",2000,2006,1271
790,"X (Super Birds)",1988,1997,1271
791,"IX (Aero Birds)",1983,1988,1271
792,VI,1972,1976,1271
793,I,1955,1957,1271
794,II,2013,,13333
795,I,2003,2013,13333
796,"I Рестайлинг",2013,,24061
797,I,2008,2013,24061
798,II,2014,,50792
799,I,2004,2013,50792
800,II(GMT360),2001,2009,1302
801,I(GMT330),1997,2001,1302
802,II,1995,2005,10736
803,I,1985,1994,10736
804,II,2003,,1307
805,I,1996,2002,1307
806,"IV (K2XX)",2013,,10739
807,III(GMT900),2007,2014,10739
808,II(GMT800),1999,2007,10739
809,I(GMT400),1988,2000,10739
810,"I Рестайлинг",2015,,30411
811,I,2009,2015,30411
812,"IV (GMT K2UG)",2014,,1311
813,"III (GMT900)",2006,2014,1311
814,"II (GMT800)",2000,2006,1311
815,"I (GMT400)",1991,2000,1311
816,"I Рестайлинг",2014,,52861
817,I,2010,,52861
818,"II (Wingle 5)",2011,,15967
819,"I (Wingle 3)",2005,,15967
820,"IX Рестайлинг",2014,,1355
821,IX,2012,,1355
822,"VIII Рестайлинг",2011,2012,1355
823,VIII,2007,2012,1355
824,"VII Рестайлинг",2006,2008,1355
825,VII,2002,2006,1355
826,VI,1997,2002,1355
827,V,1993,1998,1355
828,IV,1990,1993,1355
829,III,1985,1989,1355
830,II,1981,1985,1355
831,I,1978,1981,1355
832,V,2008,,1382
833,IV,2006,2008,1382
834,III,1996,2002,1382
835,II,1986,1994,1382
836,I,1981,1986,1382
837,III,2000,2005,48374
838,II,1995,2000,48374
839,I,1991,1995,48374
840,IX,2015,,54117
841,"VIII Рестайлинг",2008,2011,54117
842,VIII,2006,2008,54117
843,"VII Рестайлинг",2003,2005,54117
844,VII,2001,2003,54117
845,VI,1997,2000,54117
846,X,2015,,1387
847,"IX Рестайлинг",2013,,1387
848,IX,2011,,1387
849,"VIII Рестайлинг",2008,2011,1387
850,VIII,2005,2008,1387
851,"VII Рестайлинг",2003,,1387
852,VII,2001,2003,1387
853,VI,1995,2002,1387
854,V,1991,1997,1387
855,IV,1987,1996,1387
856,III,1983,1987,1387
857,II,1979,1997,1387
858,I,1972,1979,1387
859,"IV Рестайлинг",2015,,1422
860,IV,2012,2015,1422
861,"III Рестайлинг",2009,2012,1422
862,III,2006,2009,1422
863,"II Рестайлинг",2004,2006,1422
864,II,2002,2004,1422
865,"I Рестайлинг",1999,2002,1422
866,I,1995,1999,1422
867,III,1992,1997,1426
868,II,1987,1992,1426
869,I,1983,1987,1426
870,"I Рестайлинг",2013,,44195
871,I,2010,2013,44195
872,II,1997,2000,1430
873,I,1992,1996,1430
874,"I Рестайлинг 2",2008,2011,4289
875,"I Рестайлинг",2006,2008,4289
876,I,2003,2006,4289
877,III,2013,,1435
878,II,2007,2014,1435
879,I,2001,2008,1435
880,II,2015,,1438
881,"I Рестайлинг",2001,2006,1438
882,I,1998,2001,1438
883,"II Рестайлинг",2011,2014,1439
884,II,2009,2011,1439
885,I,1999,2006,1439
886,"V Рестайлинг",2010,2012,1442
887,V,2007,2010,1442
888,"IV Рестайлинг",2005,2007,1442
889,IV,2003,2005,1442
890,"III Рестайлинг",2001,2003,1442
891,III,1998,2001,1442
892,II,1995,1998,1442
893,"I Рестайлинг",1992,1995,1442
894,I,1989,1992,1442
895,"IV Рестайлинг",2004,2006,10932
896,IV,2001,2004,10932
897,"III Рестайлинг",1995,2001,10932
898,III,1993,1995,10932
899,II,1989,1993,10932
900,I,1985,1989,10932
901,III,2015,,1446
902,"II Рестайлинг",2011,2015,1446
903,II,2008,2010,1446
904,"I Рестайлинг",2005,2008,1446
905,I,2001,2005,1446
906,"IV Рестайлинг",2008,2012,1452
907,IV,2004,2008,1452
908,III,1996,2005,1452
909,II,1991,1996,1452
910,I,1986,1990,1452
911,"V Рестайлинг",2010,,1459
912,V,2008,2010,1459
913,IV,2003,2008,1459
914,III,1998,2003,1459
915,IV,2010,,1466
916,III,2005,2010,1466
917,II,2002,2004,1466
918,I,1994,1999,1466
919,IV,2008,,50926
920,III,2004,2008,50926
921,II,1999,2004,50926
922,I,1994,1999,50926
923,II,2005,2010,4246
924,I,1996,2004,4246
925,II,1997,2002,1472
926,I,1993,1997,1472
927,III,2015,,1474
928,"II Рестайлинг",2011,2015,1474
929,II,2008,2011,1474
930,"I Рестайлинг",2006,2008,1474
931,I,2002,2006,1474
932,V,1996,2001,1477
933,IV,1992,1996,1477
934,"III Рестайлинг",1989,1992,1477
935,III,1986,1989,1477
936,II,1983,1987,1477
937,I,1978,1982,1477
938,"II Рестайлинг",2001,2003,1487
939,II,1998,2001,1487
940,I,1995,1998,1487
941,IV,2009,,1492
942,III,2005,2009,1492
943,"II Рестайлинг",2003,2005,1492
944,II,2001,2003,1492
945,"I Рестайлинг",1999,2001,1492
946,I,1996,1999,1492
947,"II Рестайлинг",2009,,1498
948,II,2006,2009,1498
949,"I Рестайлинг",2003,2006,1498
950,I,2000,2003,1498
951,IV,2010,,1517
952,III,2006,2011,1517
953,"II Рестайлинг",2003,2005,1517
954,"II (ТагАЗ)",2001,2012,1517
955,II,1999,2003,1517
956,I,1994,2000,1517
957,V,2010,,19569
958,IV,2006,2010,19569
959,"III Рестайлинг",2003,2006,19569
960,III,2000,2003,19569
961,"II Рестайлинг",1998,2000,19569
962,II,1995,1998,19569
963,"II (GK) Рестайлинг",2007,2009,11008
964,"II (GK)",2001,2007,11008
965,"I Рестайлинг (RD2)",1999,2002,11008
966,"I (RD)",1996,1999,11008
967,"V (MD) Рестайлинг",2014,,1552
968,"V (MD)",2010,,1552
969,"IV (HD)",2006,2011,1552
970,"III (XD) Рестайлинг",2003,2010,1552
971,"III (XD)",2000,2006,1552
972,"II (J2, J3)",1995,2000,1552
973,"I (J1)",1990,1995,1552
974,"I Рестайлинг",2013,,30842
975,I,2009,2013,30842
976,II,1989,1998,1563
977,I,1985,1989,1563
978,II,2014,,20515
979,"I Рестайлинг",2011,2014,20515
980,I,2008,2011,20515
981,V,2011,,13570
982,"IV Рестайлинг",2009,2011,13570
983,IV,2005,2009,13570
984,"III Рестайлинг",2002,2005,13570
985,III,1998,2002,13570
986,II,1992,1998,13570
987,I,1986,1992,13570
988,II,2013,,26692
989,I,2008,,26692
990,II,2014,,26686
991,"I Рестайлинг",2012,2014,26686
992,I,2008,2012,26686
993,"II Рестайлинг",2015,,19439
994,II,2011,,19439
995,"I Рестайлинг",2010,2012,19439
996,I,2007,2010,19439
997,"I Рестайлинг",2015,,51000
998,I,2011,2015,51000
999,"II Рестайлинг",1998,2000,30149
1000,II,1995,1998,30149
1001,I,1990,1995,30149
1002,II,1982,1995,43300
1003,I,1975,1982,43300
1004,"III Рестайлинг",2015,,1568
1005,III,2012,,1568
1006,"II Рестайлинг",2010,2012,1568
1007,II,2006,2010,1568
1008,I,2000,2012,1568
1009,"I Рестайлинг",2014,,45941
1010,I,2011,2014,45941
1011,"VII (LF)",2014,,1573
1012,"VI (YF)",2010,2014,1573
1013,"V (NF)",2004,2010,1573
1014,"IV (EF) Рестайлинг",2001,2012,1573
1015,"IV (EF)",1998,2001,1573
1016,"III Рестайлинг",1996,1998,1573
1017,III,1993,1996,1573
1018,II,1988,1993,1573
1019,II,2007,,13639
1020,"I Рестайлинг",2004,2007,13639
1021,I,1997,2004,13639
1022,"II (GK) Рестайлинг",2007,2009,15586
1023,"II (GK)",2002,2007,15586
1024,"I (RD) Рестайлинг",1999,2002,15586
1025,"I (RC)",1996,1999,15586
1026,III,2015,,4249
1027,II,2009,2015,4249
1028,I,2004,2009,4249
1029,III,2006,2009,13568
1030,II,1999,2005,13568
1031,"II Рестайлинг",2011,2013,1604
1032,II,2008,2012,1604
1033,"I Рестайлинг",2006,2009,1604
1034,I,2003,2006,1604
1035,IV,2006,2013,45853
1036,III,2002,2007,45853
1037,II,1999,2002,45853
1038,I,1991,1996,45853
1039,II,2000,2004,45858
1040,I,1995,1999,45858
1041,IV,2010,2014,42362
1042,"III Рестайлинг",2008,2010,42362
1043,III,2005,2008,42362
1044,II,2002,2004,42362
1045,I,1989,1993,42362
1046,"III Рестайлинг",2004,2006,1629
1047,III,2001,2004,1629
1048,II,1996,2001,1629
1049,I,1989,1996,1629
1050,"I Рестайлинг",2015,,52590
1051,I,2014,,52590
1052,III,2010,2013,45867
1053,"II Рестайлинг",2007,2010,45867
1054,II,2004,2007,45867
1055,I,1997,2003,45867
1056,"I Рестайлинг",2015,,52279
1057,I,2013,2015,52279
1058,"I Рестайлинг",2014,,52282
1059,I,2013,2014,52282
1060,II,1998,2000,29554
1061,I,1989,1994,29554
1062,IV,1997,2001,1661
1063,III,1994,1997,1661
1064,II,1990,1993,1661
1065,I,1983,1989,1661
1066,II,1992,2002,17090
1067,I,1981,1991,17090
1068,II,2011,,26932
1069,"I Рестайлинг",2008,,26932
1070,I,2002,2008,26932
1071,V,1997,2000,1669
1072,IV,1993,1996,1669
1073,III,1990,1993,1669
1074,II,1985,1990,1669
1075,I,1974,1984,1669
1076,II,1998,2004,11523
1077,I,1989,2000,11523
1078,II,1992,2002,1677
1079,I,1981,1991,1677
1080,II,1998,2004,13697
1081,I,1990,1998,13697
1082,"I Рестайлинг",2011,,19436
1083,I,2007,2011,19436
1084,II,2015,,20049
1085,"I Рестайлинг",2011,2015,20049
1086,I,2007,2011,20049
1087,"I Рестайлинг",2011,,53993
1088,I,2009,2011,53993
1089,"IV (X351)",2009,,1693
1090,"III (X350/X358)",2003,2009,1693
1091,"II (X308)",1997,2003,1693
1092,"II (X300)",1994,1997,1693
1093,"II (XJ40)",1986,1994,1693
1094,"I (Series 3)",1979,1992,1693
1095,"I (Series 2)",1973,1986,1693
1096,"I (Series 1)",1968,1975,1693
1097,"IV (X351)",2013,,54414
1098,"III (X358)",2007,2009,54414
1099,"III (X350)",2003,2007,54414
1100,"II (X308)",1997,2003,54414
1101,"II (X300)",1994,1997,54414
1102,"Series 3",1990,1996,1700
1103,"Series 2",1981,1992,1700
1104,"Series 1",1975,1981,1700
1105,"II Рестайлинг 2",2011,2014,4135
1106,"II Рестайлинг 1",2008,2011,4135
1107,II,2006,2008,4135
1108,"I Рестайлинг",2004,2005,4135
1109,I,1996,2004,4135
1110,"II Рестайлинг 2",2011,2014,53999
1111,"II Рестайлинг 1",2009,2011,53999
1112,II,2006,2008,53999
1113,"I Рестайлинг",2004,2006,53999
1114,I,1998,2004,53999
1115,"V (KL)",2013,,1704
1116,"IV (KK)",2007,2012,1704
1117,"III (KJ) Рестайлинг",2005,2007,1704
1118,"III (KJ)",2001,2004,1704
1119,"II (XJ) Рестайлинг",1997,2001,1704
1120,"II (XJ)",1984,1996,1704
1121,"I Рестайлинг 2",2013,,14428
1122,"I Рестайлинг",2010,2014,14428
1123,I,2006,2010,14428
1124,"IV (WK2) Рестайлинг",2013,,1710
1125,"IV (WK2)",2010,2013,1710
1126,"III (WK)",2004,2010,1710
1127,"II (WJ)",1999,2004,1710
1128,"I (ZJ) Рестайлинг",1996,1999,1710
1129,"I (ZJ)",1991,1996,1710
1130,"II (WK2) Рестайлинг",2013,,54001
1131,"II (WK2)",2010,2013,54001
1132,"I (WK)",2006,2010,54001
1133,II,2007,2012,16836
1134,I,2000,2007,16836
1135,"III (JK)",2006,,1715
1136,"II (TJ)",1997,2006,1715
1137,"I (YJ)",1986,1995,1715
1138,IV,2013,,1724
1139,III,2006,2012,1724
1140,II,2002,2006,1724
1141,I,1999,2002,1724
1142,II,2006,,1727
1143,"I Рестайлинг",2002,2006,1727
1144,I,1999,2002,1727
1145,"II Рестайлинг",2015,,17273
1146,II,2012,2015,17273
1147,"I Рестайлинг",2010,2012,17273
1148,I,2006,2010,17273
1149,III,2013,,4306
1150,II,2009,2013,4306
1151,I,2004,2009,4306
1152,II,1998,2001,1731
1153,I,1996,1998,1731
1154,"II Рестайлинг",2008,2010,1742
1155,II,2005,2008,1742
1156,"I Рестайлинг",2003,2006,1742
1157,I,2000,2003,1742
1158,IV,2015,,16820
1159,"III Рестайлинг",2013,,16820
1160,III,2010,2014,16820
1161,"II Рестайлинг",2008,2010,16820
1162,II,2005,2008,16820
1163,"I Рестайлинг",2002,2005,16820
1164,I,2000,2002,16820
1165,"II Рестайлинг",2015,,25177
1166,II,2011,2015,25177
1167,"I Рестайлинг",2007,2011,25177
1168,I,2004,2007,25177
1169,III,2011,,1751
1170,II,2005,2011,1751
1171,I,1990,2002,1751
1172,"I Ресталинг 2",2015,,48902
1173,I,2012,2014,48902
1174,"III Рестайлинг",2015,,1755
1175,III,2011,2015,1755
1176,"II Рестайлинг",2009,2011,1755
1177,II,2005,2009,1755
1178,I,2000,2005,1755
1179,III,2014,,4296
1180,"II Рестайлинг",2010,2014,4296
1181,II,2006,2010,4296
1182,I,1999,2005,4296
1183,"II Рестайлинг",2001,2004,1763
1184,II,1997,2001,1763
1185,"I Рестайлинг",1994,1998,1763
1186,I,1992,1994,1763
1187,II,2001,2004,1767
1188,I,1996,2001,1767
1189,III,2014,,1770
1190,"II Рестайлинг",2012,,1770
1191,II,2009,2012,1770
1192,"I Рестайлинг",2006,2011,1770
1193,I,2002,2006,1770
1194,II,2013,,25851
1195,"I Рестайлинг",2011,2014,25851
1196,I,2008,2011,25851
1197,IV,2016,,1774
1198,"III Рестайлинг",2014,,1774
1199,III,2010,2014,1774
1200,"II Рестайлинг",2008,2010,1774
1201,II,2004,2008,1774
1202,I,1993,2006,1774
1203,"I Рестайлинг",2015,,31582
1204,I,2009,,31582
1205,"I Рестайлинг",2007,2013,4298
1206,I,2003,2008,4298
1207,"I Рестайлинг",2005,2010,1807
1208,I,2001,2006,1807
1209,"III (844) Рестайлинг",2011,,1821
1210,"III (844)",2008,2011,1821
1211,"II (836)",1993,1999,1821
1212,"I (831)",1979,1994,1821
1213,II,2011,,1841
1214,I,1984,1994,1841
1215,"III (Type 846) Рестайлинг",2015,,19065
1216,"III (Type 846)",2011,,19065
1217,"II (Type 843) Рестайлинг",2006,2011,19065
1218,"II (Type 843)",2003,2006,19065
1219,"I (Type 840)",1996,2003,19065
1220,IV,2009,,1853
1221,III,2004,2009,1853
1222,II,1998,2004,1853
1223,I,1989,1998,1853
1224,"II Рестайлинг 2",2012,,1858
1225,"II Рестайлинг",2010,2012,1858
1226,II,2006,2010,1858
1227,"I Рестайлинг",2004,2006,1858
1228,I,1998,2004,1858
1229,"I Рестайлинг",2015,,45338
1230,I,2011,,45338
1231,IV,2012,,1867
1232,"III Рестайлинг 2",2009,2012,1867
1233,"III Рестайлинг",2005,2009,1867
1234,III,2002,2005,1867
1235,II,1994,2002,1867
1236,I,1970,1996,1867
1237,II,2013,,1871
1238,"I Рестайлинг",2009,2013,1871
1239,I,2005,2009,1871
1240,"I Рестайлинг",2014,,43104
1241,I,2010,2014,43104
1242,"VI Рестайлинг",2015,,1872
1243,VI,2012,2015,1872
1244,"V Рестайлинг",2009,2012,1872
1245,V,2006,2009,1872
1246,IV,2001,2006,1872
1247,III,1996,2001,1872
1248,II,1991,1996,1872
1249,I,1989,1991,1872
1250,"IV Рестайлинг",2015,,11966
1251,IV,2012,2015,11966
1252,"III Рестайлинг",2007,2012,11966
1253,III,2004,2007,11966
1254,"II Рестайлинг",2000,2004,11966
1255,II,1997,2000,11966
1256,I,1993,1997,11966
1257,"II Рестайлинг",2013,,1878
1258,II,2009,2013,1878
1259,I,2002,2009,1878
1260,"I Рестайлинг",2012,,31575
1261,I,2009,2012,31575
1262,III,2013,,1881
1263,"II Рестайлинг",2010,2013,1881
1264,II,2005,2010,1881
1265,I,1998,2005,1881
1266,"IV Рестайлинг",2012,,1887
1267,IV,2006,2012,1887
1268,"III Рестайлинг",2003,2006,1887
1269,III,2000,2003,1887
1270,II,1994,2000,1887
1271,I,1989,1994,1887
1272,"III Рестайлинг 2",2015,,1892
1273,"III Рестайлинг",2012,2015,1892
1274,III,2007,2012,1892
1275,"II Рестайлинг",2002,2007,1892
1276,II,1998,2002,1892
1277,I,1995,1998,1892
1278,IV,2015,,1896
1279,"III Рестайлинг",2012,,1896
1280,III,2009,2012,1896
1281,"II Рестайлинг",2005,2008,1896
1282,II,2003,2006,1896
1283,I,1997,2003,1896
1284,"II Рестайлинг",2005,2010,1900
1285,II,2001,2005,1900
1286,I,1991,2001,1900
1287,"I Рестайлинг (330)",2014,,30579
1288,"I (320)",2008,2014,30579
1289,"I Рестайлинг (630)",2014,,30577
1290,"I (620)",2008,,30577
1291,"I Рестайлинг",2015,,50688
1292,I,2011,2015,50688
1293,IX,1995,2002,12022
1294,VIII,1988,1994,12022
1295,V,1977,1979,12022
1296,IV,1972,1976,12022
1297,"I Рестайлинг",2003,2006,12026
1298,I,1999,2002,12026
1299,II,2015,,16115
1300,"I Рестайлинг",2011,2015,16115
1301,I,2006,2011,16115
1302,II,2013,,19091
1303,"I (Zephyr) Рестайлинг",2009,2012,19091
1304,"I (Zephyr)",2006,2009,19091
1305,"III Рестайлинг",2014,,1906
1306,III,2006,2013,1906
1307,II,2002,2006,1906
1308,I,1997,2003,1906
1309,III,1998,2011,1910
1310,II,1989,1997,1910
1311,I,1980,1989,1910
1312,"II Рестайлинг",2010,,1918
1313,II,2000,2010,1918
1314,I,1995,2000,1918
1315,III,2012,,1931
1316,II,2004,2011,1931
1317,I,2001,2004,1931
1318,II,2002,,1933
1319,I,1998,2002,1933
1320,III,2013,,2002
1321,II,1992,1997,2002
1322,VI,2012,,2016
1323,"V Рестайлинг",2008,2012,2016
1324,V,2003,2008,2016
1325,IV,1994,2000,2016
1326,III,1976,1989,2016
1327,III,1996,2002,2031
1328,II,1990,1996,2031
1329,I,1987,1990,2031
1330,"III (DJ)",2014,,2119
1331,"II Рестайлинг (DE2)",2010,,2119
1332,"II (DE)",2007,2010,2119
1333,"I (DY) Рестайлинг",2005,2007,2119
1334,"I (DY)",2003,2005,2119
1335,III,2013,,4254
1336,"II (BL) Рестайлинг",2011,2013,4254
1337,"II (BL)",2009,2011,4254
1338,"I (BK) Рестайлинг",2006,2009,4254
1339,"I (BK)",2003,2006,4254
1340,"II Рестайлинг",2011,2013,54033
1341,II,2009,2011,54033
1342,I,2006,2009,54033
1343,"VI (BJ) Рестайлинг",2000,2003,2035
1344,"VI (BJ)",1998,2000,2035
1345,"V (BA)",1994,2000,2035
1346,"IV (BG)",1989,1995,2035
1347,"III (BF)",1985,1993,2035
1348,"II (BD)",1980,1986,2035
1349,"I (FA)",1977,1986,2035
1350,"II (CW)",2010,,14231
1351,"I (CR) Рестайлинг",2007,2010,14231
1352,"I (CR)",2005,2007,14231
1353,"III Рестайлинг",2015,,12082
1354,III,2012,2015,12082
1355,"II (GH) Рестайлинг",2010,2013,12082
1356,"II (GH)",2007,2010,12082
1357,"I (GG) Рестайлинг",2005,2008,12082
1358,"I (GG)",2002,2005,12082
1359,"V (GF)",1997,2002,2054
1360,"IV (GE)",1991,1997,2054
1361,"III (GD)",1987,1996,2054
1362,"II (GC)",1982,1987,2054
1363,"I (CB)",1979,1982,2054
1364,"III (HC)",1988,1996,2070
1365,"II (HB)",1982,1987,2070
1366,"I (LA)",1979,1986,2070
1367,II,2008,2012,2077
1368,I,2002,2008,2077
1369,III,2013,,19111
1370,II,2009,2013,19111
1371,I,2003,2009,19111
1372,V,1997,2006,2086
1373,IV,1985,1998,2086
1374,IV,1999,,17197
1375,III,1990,1994,17197
1376,"II Рестайлинг",2015,,17116
1377,II,2011,2015,17116
1378,I,2006,2011,17116
1379,VI,1997,2002,17094
1380,V,1994,1997,17094
1381,IV,1988,1997,17094
1382,"I Рестайлинг",2015,,45930
1383,I,2011,2015,45930
1384,"I Рестайлинг",2012,,16282
1385,I,2007,2012,16282
1386,"IV (DJ)",2014,,2100
1387,"III (DE)",2007,2014,2100
1388,"II (DY)",2002,2007,2100
1389,"I (DW)",1997,2003,2100
1390,"VIII (BJ)",1998,2004,17099
1391,"VII (BH)",1994,1998,17099
1392,"VI (BG)",1989,1994,17099
1393,V,1986,1991,17145
1394,III,1977,1981,17145
1395,"I Рестайлинг",2000,2003,2123
1396,I,1993,2003,2123
1397,"III (LY)",2006,,2124
1398,"II (LW) Рестайлинг",2003,2006,2124
1399,"II (LW)",1999,2003,2124
1400,"I (LV)",1990,1999,2124
1401,"IV (ND)",2015,,2130
1402,"III (NC) Рестайлинг",2008,2015,2130
1403,"III (NC)",2005,2008,2130
1404,"II (NB) Рестайлинг",2001,2005,2130
1405,"II (NB)",1998,2001,2130
1406,"I (NA)",1990,1998,2130
1407,"III (CW)",2010,,2139
1408,"II (CR) Рестайлинг",2007,2010,2139
1409,"II (CR)",2005,2007,2139
1410,"I (CP)",1999,2004,2139
1411,"III (BJ)",1998,2004,16977
1412,"II (BH)",1994,1999,16977
1413,"III (FD)",1992,2002,2147
1414,"II (FC)",1985,1991,2147
1415,"I (SA)",1979,1986,2147
1416,"I Рестайлинг",2009,2012,2152
1417,I,2003,2009,2152
1418,II,2007,2011,2161
1419,I,2000,2007,2161
1420,R121,1955,1963,12367268
1421,"I (W176) Рестайлинг",2015,,53773
1422,"I (W176)",2013,2015,53773
1423,"III (W176) Рестайлинг",2015,,2196
1424,"III (W176)",2012,2015,2196
1425,"II (W169) Рестайлинг",2008,2012,2196
1426,"II (W169)",2004,2008,2196
1427,"I (W168) Рестайлинг",2001,2004,2196
1428,"I (W168)",1997,2001,2196
1429,"II (W246) Рестайлинг",2014,,4346
1430,"II (W246)",2011,2014,4346
1431,"I (W245) Рестайлинг",2008,2011,4346
1432,"I (W245)",2005,2009,4346
1433,"IV (W205)",2015,,53781
1434,"III (W204) Рестайлинг",2011,2015,53781
1435,"III (W204)",2007,2011,53781
1436,"II (W203) Рестайлинг",2004,2007,53781
1437,"II (W203)",2001,2005,53781
1438,"I (W202) Рестайлинг",1997,2000,53781
1439,"I (W202)",1994,1997,53781
1440,"IV (W205)",2014,,2199
1441,"III (W204) Рестайлинг",2011,2015,2199
1442,"III (W204)",2006,2011,2199
1443,"II (W203) Рестайлинг",2004,2008,2199
1444,"II (W203)",2000,2004,2199
1445,"I (W202) Рестайлинг",1997,2001,2199
1446,"I (W202)",1993,1997,2199
1447,"II (C216) Рестайлинг",2010,,53807
1448,"II (C216)",2006,2010,53807
1449,"I (C215) Рестайлинг",2002,2006,53807
1450,"I (C215)",2000,2002,53807
1451,"III (C216) Рестайлинг",2010,,2207
1452,"III (C216)",2006,2010,2207
1453,"II (C215) Рестайлинг",2002,2006,2207
1454,"II (C215)",1999,2002,2207
1455,"I (C140)",1992,2000,2207
1456,"II (W209) Рестайлинг",2005,2010,53819
1457,"II (W209)",2002,2005,53819
1458,"I (W208) Рестайлинг",2000,2003,53819
1459,"I (W208)",1998,2000,53819
1460,"II (W209) Рестайлинг",2005,2010,2211
1461,"II (W209)",2002,2005,2211
1462,"I (W208) Рестайлинг",1999,2003,2211
1463,"I (W208)",1997,2000,2211
1464,"II (W218) Рестайлинг",2014,,53829
1465,"II (W218)",2011,2014,53829
1466,"I (C219) Рестайлинг",2008,2010,53829
1467,"I (C219)",2005,2008,53829
1468,"II (W218) Рестайлинг",2014,,4311
1469,"II (W218)",2011,,4311
1470,"I (C219) Рестайлинг",2008,2010,4311
1471,"I (C219)",2004,2008,4311
1472,"IV (W212, S212) Рестайлинг",2013,,53909
1473,"IV (W212, S212)",2009,2013,53909
1474,"III (W211, S211) Рестайлинг",2006,2009,53909
1475,"III (W211, S211)",2003,2006,53909
1476,"II (W210, S210) Рестайлинг",1999,2002,53909
1477,"II (W210, S210)",1996,1999,53909
1478,"I (W124)",1994,1996,53909
1479,"IV (W212, S212, C207) Рестайлинг",2013,,2216
1480,"IV (W212, S212, C207)",2009,2013,2216
1481,"III (W211, S211) Рестайлинг",2006,2009,2216
1482,"III (W211, S211)",2002,2006,2216
1483,"II (W210, S210) Рестайлинг",1999,2003,2216
1484,"II (W210, S210)",1995,1999,2216
1485,"I (W124)",1992,1996,2216
1486,"I (W463) Рестайлинг 3",2015,,53841
1487,"I (W463) Рестайлинг 2",2012,2015,53841
1488,"I (W463) Рестайлинг",2008,2012,53841
1489,"I (W463)",1995,2008,53841
1490,"II (W463) Рестайлинг 3",2015,,2228
1491,"II (W463) Рестайлинг 2",2012,2015,2228
1492,"II (W463) Рестайлинг 1",2008,2012,2228
1493,"II (W463)",1989,2008,2228
1494,"I (W460; W461)",1979,,2228
1495,"II (X166)",2012,,4452
1496,"I (X164) Рестайлинг",2009,2012,4452
1497,"I (X164)",2006,2009,4452
1498,"I (X253)",2015,,12284579
1499,"I (X204) Рестайлинг",2012,,24331
1500,"I (X204)",2008,2012,24331
1501,"III (W166)",2011,2015,53853
1502,"II (W164) Рестайлинг",2008,2011,53853
1503,"II (W164)",2006,2008,53853
1504,"I (W163) Рестайлинг",2001,2005,53853
1505,"I (W163)",2000,2001,53853
1506,"III (W166)",2011,2015,2233
1507,"II (W164) Рестайлинг",2008,2011,2233
1508,"II (W164)",2005,2008,2233
1509,"I (W163) Рестайлинг",2001,2005,2233
1510,"I (W163)",1997,2001,2233
1511,"I Рестайлинг 2",2010,,4358
1512,"I Рестайлинг",2007,2009,4358
1513,I,2005,2007,4358
1514,"III (W222, C217)",2013,,53893
1515,"II (W221) Рестайлинг",2009,2013,53893
1516,"II (W221)",2006,2009,53893
1517,"I (W220) Рестайлинг",2002,2005,53893
1518,"I (W220)",1999,2002,53893
1519,"VI (W222, C217)",2013,,2238
1520,"V (W221) Рестайлинг",2009,2013,2238
1521,"V (W221)",2005,2009,2238
1522,"IV (W220) Рестайлинг",2002,2005,2238
1523,"IV (W220)",1998,2005,2238
1524,"III (W140) Рестайлинг",1994,1998,2238
1525,"III (W140)",1991,2000,2238
1526,"II (W126)",1979,1991,2238
1527,"I (W116)",1972,1980,2238
1528,W108,1965,1972,2238
1529,"III (R231)",2011,,53879
1530,"II (R230) Рестайлинг 2",2008,2011,53879
1531,"II (R230) Рестайлинг",2006,2008,53879
1532,"II (R230)",2002,2006,53879
1533,"I (R129) Рестайлинг",1998,2000,53879
1534,"I (R129)",1993,1998,53879
1535,"VI (R231)",2011,,30376
1536,"V (R230) Рестайлинг 2",2008,2011,30376
1537,"V (R230) Рестайлинг",2006,2008,30376
1538,"V (R230)",2001,2006,30376
1539,"IV (R129) Рестайлинг",1998,2000,30376
1540,"IV (R129)",1989,1998,30376
1541,"III (R107)",1971,1989,30376
1542,"III (R172)",2011,,53865
1543,"II (R171) Рестайлинг",2008,2011,53865
1544,"II (R171)",2004,2008,53865
1545,"I (R170)",2001,2004,53865
1546,"III (R172)",2011,,2247
1547,"II (R171) Рестайлинг",2008,2011,2247
1548,"II (R171)",2004,2008,2247
1549,"I (R170) Рестайлинг",2000,2004,2247
1550,"I (R170)",1996,2000,2247
1551,II,2014,,48754
1552,"I (W638)",1996,2003,48754
1553,"I (W639) Рестайлинг",2010,,17218
1554,"I (W639)",2003,2010,17218
1555,"III (W447)",2014,,20646
1556,"II (W639) Рестайлинг",2010,,20646
1557,"II (W639)",2003,2010,20646
1558,"I (W638)",1996,2003,20646
1559,"Second Series",1965,1968,12367321
1560,"First Series",1961,1965,12367321
1561,VIII,1998,2002,5167
1562,VII,1989,1997,5167
1563,VI,1983,1988,5167
1564,V,1980,1982,5167
1565,IV,1977,1979,5167
1566,IV,2003,2011,12232
1567,III,1997,2002,12232
1568,II,1991,1997,12232
1569,I,1983,1991,12232
1570,II,2008,2011,16322
1571,I,2005,2008,16322
1572,III,2006,2010,2257
1573,II,2001,2006,2257
1574,I,1997,2001,2257
1575,V,2008,2009,2261
1576,IV,2000,2005,2261
1577,III,1996,1999,2261
1578,II,1992,1995,2261
1579,I,1986,1991,2261
1580,II,1998,2002,2276
1581,I,1992,1998,2276
1582,III,2015,,50712
1583,"II Рестайлинг",2010,,50712
1584,II,2008,2010,50712
1585,I,2005,2008,50712
1586,II,2015,,22056
1587,"I Рестайлинг",2010,2014,22056
1588,I,2007,2010,22056
1589,I,2010,,22061
1590,I,2011,,50714
1591,III,2013,,2298
1592,"II Рестайлинг",2010,2014,2298
1593,II,2006,2010,2298
1594,I,2001,2006,2298
1595,I,2012,,50694
1596,I,2012,,52020
1597,"I Рестайлинг",2012,,31702
1598,I,2010,2012,31702
1599,III,1997,2003,2332
1600,II,1991,1997,2332
1601,I,1989,1991,2332
1602,"VII Рестайлинг",2008,2012,2334
1603,VII,2004,2012,2334
1604,VI,1995,2003,2334
1605,V,1991,1996,2334
1606,IV,1987,1992,2334
1607,III,1983,1987,2334
1608,II,1978,1984,2334
1609,"I Рестайлинг",1992,1999,2348
1610,I,1989,1992,2348
1611,V,2007,,10856
1612,IV,1993,2006,10856
1613,III,1986,1993,10856
1614,II,1995,2004,2349
1615,I,1990,1995,2349
1616,"IV Рестайлинг",2008,2011,2356
1617,IV,2006,2008,2356
1618,III,1999,2006,2356
1619,II,1995,1999,2356
1620,I,1990,1995,2356
1621,II,2006,2013,2363
1622,I,2001,2006,2363
1623,"IX Рестайлинг",2008,2012,2369
1624,IX,2003,2008,2369
1625,VIII,1996,2006,2369
1626,VII,1992,1998,2369
1627,VI,1987,1992,2369
1628,V,1983,1989,2369
1629,IV,1980,1984,2369
1630,III,1976,1980,2369
1631,V,2015,,13953
1632,"IV Рестайлинг",2014,,13953
1633,IV,2006,2014,13953
1634,"III Рестайлинг",2004,2006,13953
1635,III,1996,2006,13953
1636,II,1986,1996,13953
1637,X,2007,,48426
1638,IX,2005,2007,48426
1639,VIII,2003,2006,48426
1640,VII,2001,2003,48426
1641,VI,1999,2001,48426
1642,V,1998,1999,48426
1643,IV,1996,1998,48426
1644,III,1995,1996,48426
1645,II,1994,1995,48426
1646,I,1992,1994,48426
1647,X,2008,2011,11922902
1648,"X Рестайлинг 2",2015,,12118
1649,"X Рестайлинг",2011,,12118
1650,X,2007,2010,12118
1651,"IX Рестайлинг",2005,2010,12118
1652,IX,2000,2007,12118
1653,VII,1995,2000,12118
1654,VI,1991,2000,12118
1655,V,1988,1994,12118
1656,IV,1983,1992,12118
1657,III,1982,1983,12118
1658,II,1979,1987,12118
1659,I,1973,1981,12118
1660,VIII,1999,2011,2389
1661,VII,1993,1999,2389
1662,VI,1989,1993,2389
1663,V,1995,2003,2393
1664,IV,1991,1995,2393
1665,III,1987,1992,2393
1666,IV,2006,,16997
1667,III,2000,2006,16997
1668,II,1990,2000,16997
1669,I,1982,1991,16997
1670,"III Рестайлинг 2",2015,,2402
1671,"III Рестайлинг",2014,2015,2402
1672,III,2012,2015,2402
1673,"II Рестайлинг",2009,2012,2402
1674,II,2006,2009,2402
1675,I,2003,2008,2402
1676,"IV Рестайлинг 2",2014,,2405
1677,"IV Рестайлинг 1",2011,2014,2405
1678,IV,2006,2011,2405
1679,III,2000,2006,2405
1680,II,1990,2004,2405
1681,I,1982,1991,2405
1682,II,1998,2012,52477
1683,I,1994,1998,52477
1684,III,2015,,48430
1685,II,2008,,48430
1686,I,1998,2008,48430
1687,III,2010,,2424
1688,II,1997,2002,2424
1689,I,1992,1997,2424
1690,II,1987,1990,2428
1691,I,1978,1984,2428
1692,II,1999,2002,2437
1693,I,1991,1999,2437
1694,II,2012,,2441
1695,"I Рестайлинг",2002,2005,2441
1696,I,1998,2002,2441
1697,III,1998,2004,2442
1698,II,1991,1998,2442
1699,I,1984,1991,2442
1700,II,2000,2004,2450
1701,I,1990,1999,2450
1702,"II (6-02)",2008,,43098
1703,I,2003,2008,43098
1704,"II (S14)",1993,2000,2506
1705,"I (S13)",1988,1993,2506
1706,"II (Z32)",1990,1995,2511
1707,"I (Z31)",1984,1990,2511
1708,"I Рестайлинг",2005,2009,2515
1709,I,2002,2005,2515
1710,"I Рестайлинг",2012,,27789
1711,I,2009,2014,27789
1712,III,2006,,16986
1713,II,1999,2006,16986
1714,I,1990,1996,16986
1715,III,2003,2009,2650
1716,II,1999,2002,2650
1717,"III (G15)",2012,,2517
1718,"II (N16) Рестайлинг",2002,2006,2517
1719,"II (N16)",2000,2003,2517
1720,"I (N15)",1995,2000,2517
1721,"V Рестайлинг",2015,,2524
1722,V,2012,2015,2524
1723,IV,2007,2012,2524
1724,III,2002,2006,2524
1725,II,1998,2002,2524
1726,I,1993,1997,2524
1727,"II (W11)",1998,2005,2529
1728,"I (W10)",1990,1998,2529
1729,"II (G11)",2005,2012,48432
1730,"I (G10)",2000,2005,48432
1731,"XI (U14)",1996,2001,2535
1732,"X (U13)",1991,1997,2535
1733,"IX (U12)",1987,1991,2535
1734,"VIII (T12, T72)",1985,1991,2535
1735,"VII (U11)",1983,1990,2535
1736,"VI (910)",1979,1986,2535
1737,"IV (610)",1971,1976,2535
1738,"IV (E25)",2001,2012,29374
1739,"III (E24)",1986,2001,29374
1740,"II (E23)",1982,1988,29374
1741,"X (Y34)",1999,2004,2551
1742,"IX (Y33)",1995,1999,2551
1743,"VIII (Y32)",1991,1995,2551
1744,"VII (Y31)",1987,2009,2551
1745,"VI (Y30)",1983,1987,2551
1746,"V (430)",1979,1983,2551
1747,"IV (330)",1976,1979,2551
1748,"III (A33)",1998,2003,2559
1749,"II (A32)",1994,2000,2559
1750,"I (A31)",1988,1994,2559
1751,"IV (N12)",1982,1986,2564
1752,"III (N10)",1978,1983,2564
1753,"II (F10)",1974,1978,2564
1754,"I (E10)",1970,1974,2564
1755,"III (Z12)",2008,,2575
1756,"II (Z11)",2002,2008,2575
1757,"I (Z10)",1998,2003,2575
1758,"III (E52)",2010,,2580
1759,"II (E51)",2002,2010,2580
1760,"I (E50)",1997,2002,2580
1761,"VI (Z34)",2008,,16999
1762,"V (Z33)",2002,2008,16999
1763,"IV (Z32)",1989,2000,16999
1764,"III (Z31)",1983,1989,16999
1765,II,2009,,25041
1766,I,2004,2009,25041
1767,"XI (Y34)",1999,2004,2583
1768,"X (Y33)",1995,1999,2583
1769,"IX (Y32)",1991,1995,2583
1770,"VIII (Y31)",1987,1999,2583
1771,"VI (430)",1979,1983,2583
1772,"I Рестайлинг 2",2014,,22204
1773,"I Рестайлинг 1",2011,2014,22204
1774,I,2007,2011,22204
1775,"I Рестайлинг",2014,,42151
1776,I,2010,2014,42151
1777,"I Рестайлинг",2014,,11992743
1778,I,2013,2014,11992743
1779,"III (N13)",1986,1990,29532
1780,"II (N12)",1982,1986,29532
1781,"VIII (C35)",1997,2002,2591
1782,"VII (C34)",1993,1997,2591
1783,"VI (C33)",1989,1993,2591
1784,"V (C32)",1984,1989,2591
1785,"IV (C31)",1981,1985,2591
1786,"III (C230)",1977,1983,2591
1787,"IV (Y33)",1996,2000,2597
1788,"III (Y32)",1992,1996,2597
1789,"II (F31)",1986,1992,2597
1790,"IV (K13)",2010,,16981
1791,"III (K12)",2002,2010,16981
1792,"II (K11)",1992,2002,16981
1793,"I (K10)",1982,1991,16981
1794,"VIII (A36)",2015,,4165
1795,"VII (A35)",2008,2014,4165
1796,"VI (A34)",2003,2008,4165
1797,"V (A33)",2000,2008,4165
1798,"IV (A32)",1995,2000,4165
1799,"III (J30)",1988,1994,4165
1800,"II (U11)",1985,1988,4165
1801,"I (L810)",1981,1984,4165
1802,"IV Рестайлинг",2014,,2605
1803,"IV (K13)",2010,2013,2605
1804,"III (K12)",2003,2010,2605
1805,"II (K11)",1992,2002,2605
1806,"I (K10)",1982,1992,2605
1807,II,2006,2011,2610
1808,I,2001,2006,2610
1809,"II (Z51) Рестайлинг",2010,,2612
1810,"II (Z51)",2008,2010,2612
1811,"I (Z50)",2002,2008,2612
1812,"IV (D23)",2015,,4442
1813,"III (D40) Рестайлинг",2010,,4442
1814,"III (D40)",2005,2010,4442
1815,"II (D22)",1998,2007,4442
1816,"I (D21)",1986,1998,4442
1817,II,2012,,4436
1818,"I Рестайлинг",2009,2014,4436
1819,I,2005,2009,4436
1820,"II (H92)",2006,2013,43926
1821,III,2006,2013,43926
1822,"I (H91)",2005,2006,43926
1823,IV,2012,,2615
1824,"III Рестайлинг",2010,2014,2615
1825,III,2004,2010,2615
1826,II,1996,2004,2615
1827,I,1986,1997,2615
1828,"VI (Y62) Рестайлинг",2014,,4173
1829,"VI (Y62)",2010,2014,4173
1830,"V (Y61) Рестайлинг",2004,2010,4173
1831,"V (Y61)",1997,2004,4173
1832,"IV (Y60)",1988,1997,4173
1833,"III (K160, K260)",1979,1995,4173
1834,"III (M12)",1998,2004,2623
1835,"II (M11)",1988,1998,2623
1836,"I (M10)",1983,1988,2623
1837,II,2003,2009,2627
1838,I,1998,2003,2627
1839,II,1995,2000,2630
1840,I,1990,1994,2630
1841,"III (PGF50)",2003,2010,2633
1842,"II (HG50)",1990,2002,2633
1843,"I (150, 250)",1973,1989,2633
1844,"III (P12)",2001,2008,2637
1845,"II (P11) Рестайлиг",1999,2002,2637
1846,"II (P11)",1995,2000,2637
1847,"I (P10)",1990,1995,2637
1848,"VI (C13)",2014,,2647
1849,"V (N15)",1995,2000,2647
1850,"IV (N14)",1990,1995,2647
1851,"III (N13)",1986,1990,2647
1852,"II (N12)",1982,1986,2647
1853,II,2014,,15963
1854,"I Рестайлинг",2010,2013,15963
1855,I,2006,2010,15963
1856,"I Рестайлинг",2010,2013,1006676
1857,I,2008,2010,1006676
1858,IV,2010,,2650
1859,I,1992,1998,2650
1860,II,2013,,16248
1861,"I Рестайлинг",2010,2013,16248
1862,I,2007,2010,16248
1863,"V (Y61)",1997,2007,2658
1864,"IV (Y60)",1987,1997,2658
1865,"VII (B17)",2012,,2661
1866,"VI (B16)",2006,2012,2661
1867,"V (B15)",1998,2006,2661
1868,"IV (B14)",1994,1998,2661
1869,"IV (C26)",2010,,2665
1870,"III (C25)",2005,2012,2665
1871,"II (C24)",2000,2005,2665
1872,"I (C23)",1991,2002,2665
1873,"VII (S15)",1999,2002,2669
1874,"VI (S14)",1993,1999,2669
1875,"V (S13)",1988,1993,2669
1876,"IV (S12)",1984,1988,2669
1877,"III (S110)",1979,1983,2669
1878,"XII (V36)",2006,,2675
1879,"XI (V35)",2001,2007,2675
1880,"X (R34)",1998,2002,2675
1881,"IX (R33)",1993,1998,2675
1882,"VIII (R32)",1989,1994,2675
1883,"VII (R31)",1985,1989,2675
1884,"VI (R30)",1981,1985,2675
1885,II,2001,2007,2694
1886,I,1996,2001,2694
1887,N16,2000,2005,2701
1888,B15,1998,2004,2701
1889,B14,1994,1998,2701
1890,Y10,1990,2000,2701
1891,N14,1990,1995,2701
1892,N13,1986,1991,2701
1893,B12,1986,1991,2701
1894,B11,1982,1987,2701
1895,III,2013,,4404
1896,"II Рестайлинг",2011,2013,4404
1897,II,2008,2011,4404
1898,"I Рестайлинг",2005,2008,4404
1899,I,2003,2005,4404
1900,III,2014,,2717
1901,"II Рестайлинг",1999,2006,2717
1902,II,1992,1999,2717
1903,I,1987,1995,2717
1904,II,2015,,18991
1905,"I Рестайлинг",2010,,18991
1906,I,2004,2012,18991
1907,I,2007,,10868
1908,I,2004,,10868
1909,"IV (E25)",2001,2012,10865
1910,"III (E24)",1986,2001,10865
1911,IV,1999,2010,4182
1912,III,1994,1999,4182
1913,II,1985,1994,4182
1914,I,1978,1989,4182
1915,"III (Y12)",2005,,2723
1916,"II (Y11)",1999,2005,2723
1917,"I (Y10)",1996,1999,2723
1918,II,2005,,2727
1919,I,2000,2004,2727
1920,III,2013,,2730
1921,"II Рестайлинг",2011,2014,2730
1922,II,2007,2011,2730
1923,I,2001,2007,2730
1924,II,2001,2003,2736
1925,I,1994,1999,2736
1926,III,2001,2004,2738
1927,II,1995,2001,2738
1928,I,1990,1995,2738
1929,X,1992,1999,2742
1930,IX,1986,1991,2742
1931,VIII,1977,1985,2742
1932,VII,1971,1976,2742
1933,XI,1991,1996,44490
1934,X,1985,1990,44490
1935,IX,1977,1984,44490
1936,II,1996,2004,2748
1937,I,1989,1996,2748
1938,B,1969,1978,2751
1939,A,1964,1968,2751
1940,'37,1937,1939,2751
1941,B,2008,,2753
1942,"A Рестайлинг",2004,2007,2753
1943,A,2000,2004,2753
1944,"I Рестайлинг",2010,,13502
1945,I,2006,2011,13502
1946,C,1981,1988,2756
1947,B,1975,1981,2756
1948,A,1970,1975,2756
1949,K,2015,,12140
1950,"J Рестайлинг",2011,,12140
1951,J,2009,2012,12140
1952,"H Рестайлинг",2006,,12140
1953,H,2004,2007,12140
1954,G,1998,2005,12140
1955,F,1991,2005,12140
1956,J,2012,,54173
1957,H,2005,2010,54173
1958,"G Рестайлинг",2002,2004,54173
1959,G,1999,2002,54173
1960,D,2012,,12194
1961,"C Рестайлинг",2003,2011,12194
1962,C,2001,2003,12194
1963,B,1993,2000,12194
1964,C,1978,1982,12165
1965,B,1972,1978,12165
1966,E,2014,,12184
1967,"D Рестайлинг II",2011,2014,12184
1968,"D Рестайлинг I",2010,2011,12184
1969,D,2006,2010,12184
1970,"C Рестайлинг",2003,2006,12184
1971,C,2000,2003,12184
1972,B,1993,2000,12184
1973,A,1982,1993,12184
1974,"D Рестайлинг II",2011,2014,54209
1975,"D Рестайлинг I",2010,2011,54209
1976,D,2007,2010,54209
1977,"B Рестайлинг",2001,2004,12170
1978,B,1998,2001,12170
1979,A,1992,1998,12170
1980,II,2006,2009,48674
1981,I,1968,1973,48674
1982,"I Рестайлинг",2013,,25269
1983,I,2008,2013,25269
1984,"I Рестайлинг",2013,,54217
1985,I,2009,2013,54217
1986,"E Рестайлинг",1989,1994,4150
1987,E,1984,1989,4150
1988,D,1979,1984,4150
1989,C,1973,1979,4150
1990,B,1965,1973,4150
1991,A,1962,1965,4150
1992,'37,1937,1940,4150
1993,B,1975,1988,2766
1994,A,1970,1975,2766
1995,"B Рестайлинг",2013,,2770
1996,B,2010,2014,2770
1997,"A Рестайлинг",2006,2010,2770
1998,A,2003,2006,2770
1999,"B Рестайлинг",2006,2010,54245
2000,"A рестайлинг",1998,1999,2772
2001,A,1991,1998,2772
2002,A,1935,1949,1233470
2003,"B Рестайлинг",1999,2004,12089
2004,B,1994,1999,12089
2005,A,1984,1994,12089
2006,E,1977,1986,2775
2007,D,1972,1977,2775
2008,B,1987,1993,12191
2009,A,1978,1987,12191
2010,"I Рестайлинг",2005,2008,2781
2011,I,2003,2005,2781
2012,B,2004,2009,2787
2013,A,1994,2001,2787
2014,"C Рестайлинг",2005,2008,12175
2015,C,2002,2005,12175
2016,"B Рестайлинг",1999,2002,12175
2017,B,1995,1999,12175
2018,A,1988,1995,12175
2019,"C Рестайлинг",2005,2008,54249
2020,C,2000,2006,17103
2021,B,1994,2000,17103
2022,B,2014,,52640
2023,A,2001,2014,52640
2024,C,2012,,12162
2025,"B Рестайлинг",2008,,12162
2026,B,2005,2008,12162
2027,"A Рестайлинг",2003,2006,12162
2028,A,1999,2003,12162
2029,B,2005,2011,54253
2030,"A Рестайлинг",2003,2006,54253
2031,A,2001,2003,54253
2032,"I Рестайлинг",1996,2004,2809
2033,I,1991,1996,2809
2034,"I Рестайлинг 2",2012,2014,4434
2035,"I Рестайлинг",2009,2012,4434
2036,I,2005,2009,4434
2037,"I Рестайлинг",2015,,48914
2038,I,2012,2015,48914
2039,"I Рестайлинг",2013,,26830
2040,I,2009,2013,26830
2041,II,2013,,20794
2042,"I Рестайлинг",2011,,20794
2043,I,2008,2011,20794
2044,"I Рестайлинг",1989,1993,2843
2045,I,1985,1990,2843
2046,"I Рестайлинг",2013,,30796
2047,I,2009,2013,30796
2048,"I Рестайлинг",2014,,32065
2049,I,2011,2014,32065
2050,"I Рестайлинг",2004,2010,2868
2051,I,2000,2004,2868
2052,"I Рестайлинг",2008,2012,2872
2053,I,2002,2008,2872
2054,"II Рестайлинг",2012,,13701
2055,II,2007,2012,13701
2056,I,1996,2007,13701
2057,"II Рестайлинг 2",2015,,10881
2058,"II Рестайлинг",2011,,10881
2059,II,2008,2011,10881
2060,"I Рестайлинг",2002,2012,10881
2061,I,1997,2002,10881
2062,"I Рестайлинг",2012,,31781
2063,I,2010,2012,31781
2064,VII,1975,1978,12383706
2065,III,1996,2001,12620
2066,II,1991,1995,12620
2067,I,1984,1990,12620
2068,X,2000,2005,2886
2069,IX,1991,2004,2886
2070,VIII,1987,1991,2886
2071,IV,1965,1970,2886
2072,IV,1993,2002,2890
2073,III,1982,1992,2890
2074,II,1970,1981,2890
2075,I,1967,1969,2890
2076,V,1998,2005,2894
2077,IV,1992,1998,2894
2078,III,1985,1991,2894
2079,VII,2004,2008,2900
2080,VI,1996,2003,2900
2081,V,1988,1996,2900
2082,II,1997,1999,12625
2083,I,1989,1999,12625
2084,II,2008,2009,2917
2085,"I Рестайлинг",2005,2008,2917
2086,I,2002,2004,2917
2087,"IV (C)",1963,1965,12383862
2088,"III (B)",1959,1963,12383862
2089,"II (A)",1955,1959,12383862
2090,I,1948,1955,12383862
2091,991,2013,,54059
2092,"997 Рестайлинг",2009,2012,54059
2093,997,2005,2008,54059
2094,"996 Рестайлинг",2003,2005,54059
2095,996,1999,2000,54059
2096,"VII (991) Рестайлинг",2015,,2920
2097,"VII (991)",2011,,2920
2098,"VI (997) Рестайлинг",2008,2012,2920
2099,"VI (997)",2004,2008,2920
2100,"V (996) Рестайлинг",2000,2005,2920
2101,"V (996)",1997,2000,2920
2102,"IV (993)",1993,1997,2920
2103,"III (964)",1988,1994,2920
2104,"II (930)",1972,1990,2920
2105,"I (901, 911)",1963,1979,2920
2106,"III (981)",2012,,2950
2107,"II (987) Рестайлинг 2",2009,2011,2950
2108,"II (987) Рестайлинг 1",2006,2009,2950
2109,"II (987)",2004,2006,2950
2110,"I (986) Рестайлинг",2002,2004,2950
2111,"I (986)",1996,2002,2950
2112,"II Рестайлинг (958)",2014,,2955
2113,"II (958)",2010,2014,2955
2114,"I Рестайлинг (957)",2007,2010,2955
2115,"I (955)",2002,2007,2955
2116,"II (981)",2012,,4350
2117,"I (987) Рестайлинг",2009,2012,4350
2118,"I (987)",2005,2009,4350
2119,"I Рестайлинг",2013,,27770
2120,I,2009,2013,27770
2121,II,2007,2012,51676
2122,I,1994,2005,51676
2123,II,2006,,2965
2124,"I (300 Series)",1996,2005,2965
2125,718,1987,,2978
2126,716,1987,,2978
2127,710,1974,1987,2978
2128,712,1971,1985,2978
2129,"II (Europa)",1996,2002,3002
2130,II,1991,1997,3002
2131,I,1988,1992,3002
2132,II,1984,2002,48618
2133,I,1972,1985,48618
2134,IV,2012,,3024
2135,"III Рестайлинг",2009,,3024
2136,III,2005,2009,3024
2137,"II Рестайлинг 2",2003,2013,3024
2138,"II Рестайлинг",2001,2003,3024
2139,II,1998,2001,3024
2140,I,1990,1998,3024
2141,IV,2013,,54067
2142,"III Рестайлинг",2009,2012,54067
2143,III,2006,2009,54067
2144,"II Рестайлинг",2001,2005,54067
2145,II,2000,2001,54067
2146,"I Рестайлинг",2015,,45942
2147,I,2011,2015,45942
2148,"IV Рестайлинг 2",2012,2014,3031
2149,"IV Рестайлинг",2006,2012,3031
2150,IV,2002,2006,3031
2151,III,1996,2003,3031
2152,II,1991,1996,3031
2153,I,1984,1992,3031
2154,"I Рестайлинг",2013,,29452
2155,I,2009,,29452
2156,"II Рестайлинг",2013,,3043
2157,II,2008,2013,3043
2158,"I Рестайлинг",2003,2008,3043
2159,I,1998,2003,3043
2160,"I Рестайлинг 2",2013,,24675
2161,"I Рестайлинг",2011,2013,24675
2162,I,2008,2011,24675
2163,"III Рестайлинг",2011,,3047
2164,III,2007,2012,3047
2165,"II Рестайлинг",2005,2008,3047
2166,II,2001,2005,3047
2167,I,1993,2001,3047
2168,"I Рестайлинг",2013,,42630
2169,I,2010,2013,42630
2170,II,2014,,4304
2171,"I Рестайлинг",2009,,4304
2172,I,2004,2009,4304
2173,"III Рестайлинг 2",2013,,3055
2174,"III Рестайлинг",2012,2013,3055
2175,III,2008,2014,3055
2176,"II Рестайлинг",2006,2010,3055
2177,II,2002,2006,3055
2178,"I Рестайлинг",1999,2003,3055
2179,I,1995,1999,3055
2180,"III Рестайлинг",2013,,54083
2181,III,2011,2013,54083
2182,"II Рестайлинг",2006,2008,54083
2183,II,2004,2006,54083
2184,"I Рестайлинг",2008,2012,4302
2185,I,2004,2008,4302
2186,II,2008,2010,3068
2187,"I Рестайлинг",1996,2000,3068
2188,I,1992,1996,3068
2189,II,2014,,30386
2190,I,2009,2014,30386
2191,"III Рестайлинг 2",2013,,3071
2192,"III Рестайлинг",2012,2013,3071
2193,III,2009,2012,3071
2194,"II Рестайлинг",2006,2009,3071
2195,II,2003,2006,3071
2196,"I Рестайлинг",1999,2003,3071
2197,I,1996,1999,3071
2198,ll,2008,2012,3081
2199,"I Рестайлинг 2",2004,2008,3081
2200,"I Рестайлинг",2002,2006,3081
2201,I,1999,2002,3081
2202,II,2001,2014,13728
2203,III,2014,,3084
2204,"II Рестайлинг",2012,,3084
2205,II,2007,2012,3084
2206,I,1993,2008,3084
2207,I,2001,2009,3087
2208,V,2000,2002,3089
2209,"I - IV",1971,1995,3089
2210,VII,2003,,51246
2211,II,1929,1936,51246
2212,III,1963,1966,12373744
2213,II,1959,1962,12373744
2214,I,1955,1958,12373744
2215,"Mark IV",1994,1998,12759
2216,"Mark III",1993,1994,12759
2217,"Mark II",1989,1993,12759
2218,"Mark I",1980,1989,12759
2219,"III (R3)",1995,2000,12312
2220,"II (R8)",1989,2000,12312
2221,"I (SD3)",1985,1989,12312
2222,"II (HH-R)",1995,2000,12320
2223,"I (R8)",1990,1998,12320
2224,II,2002,2012,3109
2225,I,1998,2003,3109
2226,II,2010,2012,3115
2227,I,1997,2010,3115
2228,II,1993,1998,3120
2229,I,1978,1994,3120
2230,II,1996,2002,12768
2231,I,1991,1995,12768
2232,II,2007,2010,3151
2233,I,2001,2007,3151
2234,"II Рестайлинг",2013,,4343
2235,II,2010,2013,4343
2236,"I Рестайлинг",2007,2010,4343
2237,I,2004,2007,4343
2238,"II Рестайлинг",2010,,4340
2239,II,2007,2010,4340
2240,I,2003,2007,4340
2241,"II Рестайлинг",2015,,3165
2242,II,2010,2015,3165
2243,"I Рестайлинг",2000,2010,3165
2244,I,1996,2000,3165
2245,"I Рестайлинг",2009,2015,15134
2246,I,2004,2009,15134
2247,"I Рестайлинг",2000,2004,3167
2248,I,1997,2000,3167
2249,"II Рестайлинг",2006,2009,3169
2250,II,2003,2006,3169
2251,"I Рестайлинг",1999,2003,3169
2252,I,1993,1999,3169
2253,"IV Рестайлинг 2",2015,,3154
2254,"IV Рестайлинг",2012,2015,3154
2255,IV,2008,2012,3154
2256,"III Рестайлинг",2006,2008,3154
2257,III,2001,2008,3154
2258,"II Рестайлинг",1999,2002,3154
2259,II,1993,1999,3154
2260,I,1984,1993,3154
2261,III,2013,,54165
2262,"II Рестайлинг",2009,2012,54165
2263,II,2006,2009,54165
2264,I,1999,2005,54165
2265,III,2013,,3179
2266,"II Рестайлинг",2009,2012,3179
2267,II,2005,2009,3179
2268,I,1999,2005,3179
2269,IV,2012,,3191
2270,III,2006,2009,3191
2271,II,1998,2006,3191
2272,I,1991,1999,3191
2273,II,1976,1991,48542
2274,I,1969,1984,48542
2275,III,2014,,3198
2276,"II Рестайлинг",2010,2014,3198
2277,II,2007,2010,3198
2278,"I Рестайлинг",2004,2007,3198
2279,I,1999,2004,3198
2280,II,2010,2014,54095
2281,"I Рестайлинг",2003,2006,54095
2282,I,2003,2004,54095
2283,"I Рестайлинг",1998,2001,3207
2284,I,1994,2001,3207
2285,III,2013,,3213
2286,"II Рестайлинг",2008,2013,3213
2287,II,2004,2009,3213
2288,"I Рестайлинг",2000,2011,3213
2289,I,1996,2000,3213
2290,III,2013,,54103
2291,"II Рестайлинг",2009,2013,54103
2292,II,2005,2008,54103
2293,I,2000,2006,54103
2294,III,2015,,3224
2295,"II Рестайлинг",2013,2015,3224
2296,II,2008,2013,3224
2297,"I Рестайлинг",2006,2008,3224
2298,I,2002,2006,3224
2299,"I Рестайлинг",2013,,28848
2300,I,2009,2013,28848
2301,II,2014,,17403
2302,I,2004,2006,17403
2303,III,2014,,16783
2304,II,2007,2015,16783
2305,"I Рестайлинг",2004,2007,16783
2306,I,1998,2004,16783
2307,"II Рестайлинг",2013,,13742
2308,II,2010,2013,13742
2309,I,2006,2010,13742
2310,II,2012,,48638
2311,I,2006,2012,48638
2312,"II (W)",2008,,3232
2313,"I (H)",1997,,3232
2314,II,1996,2006,12869
2315,I,1988,1996,12869
2316,"I Рестайлинг",2007,,13689
2317,I,2005,2007,13689
2318,"I Рестайлинг",1999,2006,12873
2319,I,1993,1998,12873
2320,III,2012,,3238
2321,II,2007,2012,3238
2322,I,2002,2008,3238
2323,"I Рестайлинг",2007,2013,12875
2324,I,2004,2007,12875
2325,II,1994,1998,3246
2326,I,1991,1994,3246
2327,"IV Рестайлинг",2015,,3249
2328,IV,2012,2015,3249
2329,"III Рестайлинг",2011,2013,3249
2330,III,2007,2011,3249
2331,"II Рестайлинг",2005,2008,3249
2332,II,2002,2005,3249
2333,"I Рестайлинг",2000,2002,3249
2334,I,1997,2000,3249
2335,"IV Рестайлинг",2015,,3253
2336,IV,2011,2015,3253
2337,III,2007,2011,3253
2338,"II Рестайлинг 2",2005,2007,3253
2339,"II Рестайлинг 1",2002,2005,3253
2340,II,2000,2002,3253
2341,I,1992,2000,3253
2342,"III Рестайлинг",2011,2014,54043
2343,III,2007,2011,54043
2344,"II Рестайлинг 2",2005,2007,54043
2345,"II Рестайлинг 1",2002,2005,54043
2346,II,2000,2002,54043
2347,I,1994,2000,54043
2348,III,2007,2014,54355
2349,"II Рестайлинг 2",2005,2007,54355
2350,"II Рестайлинг 1",2002,2005,54355
2351,II,2000,2002,54355
2352,I,2000,2000,54355
2353,IV,2007,2011,3262
2354,III,2003,2007,3262
2355,II,1995,2003,3262
2356,"I Рестайлинг",1987,1995,3262
2357,I,1984,1991,3262
2358,VI,2014,,3267
2359,"V Рестайлинг",2012,,3267
2360,V,2009,2012,3267
2361,"IV Рестайлинг",2006,2009,3267
2362,IV,2003,2006,3267
2363,III,1998,2003,3267
2364,II,1993,1999,3267
2365,I,1989,1994,3267
2366,III,1984,1994,3278
2367,II,1979,1984,3278
2368,V,2014,,20032
2369,"IV Рестайлинг",2012,2014,20032
2370,IV,2009,2012,20032
2371,"III Рестайлинг",2006,2009,20032
2372,III,2003,2007,20032
2373,II,1999,2003,20032
2374,I,1994,1999,20032
2375,II,2010,,3284
2376,"I Рестайлинг 3",2004,2009,3284
2377,"I Рестайлинг 2",2002,2004,3284
2378,"I Рестайлинг",2000,2002,3284
2379,I,1998,2000,3284
2380,"I Рестайлинг",2007,2014,13507
2381,I,2004,2007,13507
2382,"VII (HA25)",2009,,12879
2383,"VI (HA24)",2004,2009,12879
2384,V,1998,2012,12879
2385,IV,1994,1998,12879
2386,III,1988,1994,12879
2387,II,1984,1993,12879
2388,I,1979,1984,12879
2389,II,2016,,48554
2390,I,1995,2007,48554
2391,III,2005,,17152
2392,II,1997,2005,17152
2393,I,1988,1998,17152
2394,"III Рестайлинг 2",2012,2014,3303
2395,"III Рестайлинг",2008,2012,3303
2396,III,2005,2008,3303
2397,"II Рестайлинг",2001,2006,3303
2398,II,1997,2001,3303
2399,"III Рестайлинг 2",2012,,3310
2400,"III Рестайлинг 1",2005,2012,3310
2401,III,1998,2005,3310
2402,II,1981,1998,3310
2403,"I Рестайлинг",2004,2008,3315
2404,I,2001,2006,3315
2405,III,2011,,3320
2406,II,2005,2011,3320
2407,I,2001,2005,3320
2408,II,2011,,52323
2409,I,2005,2010,52323
2410,"IV Рестайлинг",2013,,3324
2411,IV,2011,2013,3324
2412,III,2004,2011,3324
2413,"II Рестайлинг",1995,2003,3324
2414,II,1989,1995,3324
2415,I,1983,1989,3324
2416,"II (S-Cross)",2013,,48574
2417,"I (Classic) Рестайлинг",2007,,48574
2418,"I (Classic)",2006,2009,48574
2419,II,2015,,52667
2420,I,1988,2006,52667
2421,IV,2008,2012,25996
2422,III,2003,2008,25996
2423,II,1998,2003,25996
2424,I,1993,1998,25996
2425,II,2000,2008,12888
2426,I,1997,2000,12888
2427,"II Vista",2008,,3360
2428,I,1998,2007,3360
2429,"V Рестайлинг",2013,,3384
2430,V,2009,2013,3384
2431,"IV Рестайлинг",2005,2009,3384
2432,IV,2003,2005,3384
2433,III,1995,2003,3384
2434,II,1987,1995,3384
2435,"II Рестайлинг",2010,,3389
2436,II,2007,2010,3389
2437,"I Рестайлинг",2004,2007,3389
2438,I,2001,2004,3389
2439,III,2015,,16968
2440,II,2008,,16968
2441,"I Рестайлинг",2005,2008,16968
2442,I,2002,2005,16968
2443,II,1997,2004,3394
2444,I,1991,1996,3394
2445,"II Рестайлинг",2015,,16621
2446,II,2012,,16621
2447,"I Рестайлинг",2010,2012,16621
2448,I,2006,2010,16621
2449,"IV Рестайлинг",2015,,3397
2450,IV,2012,2015,3397
2451,"III Рестайлинг 2",2010,2012,3397
2452,"III Рестайлинг",2007,2010,3397
2453,III,2005,2007,3397
2454,"II Рестайлинг",2002,2005,3397
2455,II,1999,2002,3397
2456,"I Рестайлинг",1997,2000,3397
2457,I,1994,1997,3397
2458,"III Рестайлинг 2",2015,,3400
2459,"III Рестайлинг",2011,2015,3400
2460,III,2009,2011,3400
2461,"II Рестайлинг",2006,2009,3400
2462,II,2003,2008,3400
2463,"I Рестайлинг",2000,2003,3400
2464,I,1997,2000,3400
2465,II,2014,,4352
2466,"I Рестайлинг 2",2012,2014,4352
2467,"I Рестайлинг",2009,2012,4352
2468,I,2005,2009,4352
2469,"II Рестайлинг",2008,,3412
2470,II,2005,2008,3412
2471,"I Рестайлинг",2003,2005,3412
2472,I,2000,2003,3412
2473,"III Рестайлинг",2005,2007,3421
2474,III,2002,2004,3421
2475,"II Рестайлинг",2000,2002,3421
2476,II,1997,2000,3421
2477,"I Рестайлинг",1995,1997,3421
2478,I,1992,1995,3421
2479,XV50,2012,,53603
2480,XV40,2006,2011,53603
2481,XV30,2001,2006,53603
2482,XV20,1996,2001,53603
2483,V40,1994,1998,53603
2484,V30,1990,1994,53603
2485,V20,1986,1990,53603
2486,V10,1983,1988,53603
2487,II,2004,2008,53591
2488,I,1998,2004,53591
2489,"VII (XV50) Рестайлинг",2014,,3427
2490,"VII (XV50)",2011,2014,3427
2491,"VI (XV40) Рестайлинг",2009,2011,3427
2492,"VI (XV40)",2006,2009,3427
2493,"V (XV30)",2001,2006,3427
2494,"IV (XV20)",1996,2002,3427
2495,"III (XV10)",1990,1998,3427
2496,"II (V20)",1986,1991,3427
2497,"I (V10)",1983,1988,3427
2498,"III (T200)",1993,1998,45921
2499,"II (T180)",1989,1993,45921
2500,"I (T160)",1985,1989,45921
2501,"VII (T210)",1996,2001,3444
2502,"VI (T190)",1992,1998,3444
2503,"V (T170)",1987,1993,3444
2504,"IV (T150)",1983,1988,3444
2505,"III (A60)",1982,1987,3444
2506,"II (A40, A50)",1978,1983,3444
2507,"I (A10)",1973,1978,3444
2508,"VII (T230) Рестайлинг",2002,2006,3461
2509,"VII (T230)",1999,2002,3461
2510,"VI (T200) Рестайлинг",1994,1999,3461
2511,"VI (T200)",1993,1996,3461
2512,"V (T180)",1989,1994,3461
2513,"IV (T160)",1985,1990,3461
2514,"III (A60)",1982,1986,3461
2515,"II (A40, A50)",1977,1985,3461
2516,"I (A20/35)",1973,1978,3461
2517,"III (F30) Рестайлинг",2003,2006,29120
2518,"III (F30)",2000,2003,29120
2519,"II (F20) Рестайлинг",1997,2000,29120
2520,"II (F20)",1994,1997,29120
2521,"I (F10) Рестайлинг",1992,1994,29120
2522,"I (F10)",1989,1992,29120
2523,"II (G50) Рестайлинг",2005,,12928
2524,"II (G50)",1997,2004,12928
2525,"I (G40)",1982,1997,12928
2526,"VI (X100) Рестайлинг",1998,2001,3471
2527,"VI (X100)",1996,1998,3471
2528,"V (X90) Рестайлинг",1994,1996,3471
2529,"V (X90)",1992,1994,3471
2530,"IV (X80)",1988,1992,3471
2531,"III (X70)",1984,1988,3471
2532,I,1977,1980,3471
2533,II,2001,2007,53977
2534,I,1997,2001,53977
2535,"I Рестайлинг 2",2007,2009,3477
2536,"I Рестайлинг",2004,2007,3477
2537,I,2001,2004,3477
2538,"XI (E160, E170)",2013,,3476
2539,"X (E140, E150) Рестайлинг",2010,2013,3476
2540,"X (E140, E150)",2006,2012,3476
2541,"IX (E120, E130) Рестайлинг",2003,2008,3476
2542,"IX (E120, E130)",2000,2004,3476
2543,"VIII (E110) Рестайлинг",1999,2002,3476
2544,"VIII (E110)",1995,2002,3476
2545,"VII (E100)",1991,2000,3476
2546,"VI (E90)",1987,1993,3476
2547,"V (E80)",1983,1988,3476
2548,"IV (E70)",1979,1987,3476
2549,"III (E30, E40, E50, E60)",1972,1980,3476
2550,"XI (T210)",1996,2001,3516
2551,"X (T190)",1992,1998,3516
2552,"IX (T170)",1987,1993,3516
2553,"VII (T140)",1982,1988,3516
2554,"VI (T130)",1979,1981,3516
2555,"V (T100, T110, T120)",1973,1979,3516
2556,"V (L50) Рестайлинг",1997,1999,16974
2557,"V (L50)",1994,1997,16974
2558,"IV (L40)",1990,1994,16974
2559,"V (X100) Рестайлинг",1998,2001,3530
2560,"V (X100)",1996,1998,3530
2561,"IV (X90)",1992,1996,3530
2562,"III (X80) Рестайлинг",1990,1992,3530
2563,"III (X80)",1988,1990,3530
2564,"II (X70)",1984,1988,3530
2565,"I (X60)",1980,1984,3530
2566,"VI (S210)",2013,,45926
2567,"V (S200)",2009,2013,45926
2568,"IV (S180)",2004,2009,45926
2569,"III (S170)",1999,2004,45926
2570,"II (S150)",1995,1999,45926
2571,"I (S140)",1991,1995,45926
2572,"XIV (S210)",2012,,3535
2573,"XIII (S200)",2008,2012,3535
2574,"XII (S180)",1999,2008,3535
2575,"XI (S170)",1999,2007,3535
2576,"X (S150)",1995,,3535
2577,"IX (S140)",1991,1995,3535
2578,"VIII (S130)",1987,1999,3535
2579,"VII (S120)",1983,1987,3535
2580,"VI (S110)",1980,1983,3535
2581,"II (L52, L54)",1995,1999,3555
2582,"I (L44)",1991,1995,3555
2583,III,2006,,13810
2584,"II Рестайлинг",2003,2006,13810
2585,II,2000,2003,13810
2586,I,1990,2000,13810
2587,"III (XU60)",2013,,3563
2588,"II (XU30)",2003,2013,3563
2589,"I (XU10) Рестайлинг",2000,2002,3563
2590,"I (XU10)",1997,2000,3563
2591,"H200 Рестайлинг",2010,,4223
2592,H200,2004,2010,4223
2593,H100,1989,2004,4223
2594,"III (U50)",2013,,3565
2595,"II (U40) Рестайлинг",2010,2013,3565
2596,"II (U40)",2007,2010,3565
2597,"I (U20)",2001,2007,3565
2598,"I (U20) Рестайлинг",2001,2007,3565
2599,IV,2002,2009,48776
2600,"III Рестайлинг",1998,2002,48776
2601,III,1995,1998,48776
2602,"II Рестайлинг",1993,1995,48776
2603,II,1989,1993,48776
2604,I,1984,1989,48776
2605,VIII,2015,,13762
2606,"VII Рестайлинг",2011,,13762
2607,VII,2006,2011,13762
2608,"VI Рестайлинг",2001,2005,13762
2609,VI,1997,2001,13762
2610,V,1988,2004,13762
2611,"II (M20) Рестайлинг",2003,2009,3568
2612,"II (M20)",2001,2003,3568
2613,"I (M10)",1996,2001,3568
2614,"I Рестайлинг",2009,,20542
2615,I,2004,2009,20542
2616,II,2006,,13824
2617,I,2001,2006,13824
2618,"II (XU40) Рестайлинг",2010,,3572
2619,"II (XU40)",2007,2010,3572
2620,"I (XU20) Рестайлинг",2003,2007,3572
2621,"I (XU20)",2000,2003,3572
2622,"200 Series Рестайлинг 2",2015,,3573
2623,"200 Series Рестайлинг",2012,2015,3573
2624,"70 Series Рестайлинг",2007,,3573
2625,"200 Series",2007,2012,3573
2626,"100 Series Рестайлинг 2",2005,2007,3573
2627,"100 Series Рестайлинг 1",2002,2005,3573
2628,"100 Series",1998,2002,3573
2629,"80 Series Рестайлинг",1995,2008,3573
2630,"80 Series",1989,1994,3573
2631,"70 Series",1984,2007,3573
2632,"60 Series",1980,1990,3573
2633,"40 Series",1960,1984,3573
2634,"150 Series Рестайлинг",2013,,45927
2635,"150 Series",2009,2013,45927
2636,"120 Series",2002,2009,45927
2637,"90 Series Рестайлинг",1999,2002,45927
2638,"90 Series",1996,1999,45927
2639,"70 Series",1987,1996,45927
2640,V,1996,2007,4225
2641,IV,1992,1996,4225
2642,III,1985,1992,4225
2643,"IX (X110)",2000,2007,3585
2644,"VIII (X100)",1996,2002,3585
2645,"VII (X90)",1992,1996,3585
2646,"VI (X80)",1988,1996,3585
2647,"V (X70)",1984,1997,3585
2648,"IV (X60)",1980,1984,3585
2649,"II Рестайлинг",2012,,17191
2650,II,2009,2012,17191
2651,I,2004,2009,17191
2652,"II (E140)",2008,2014,13828
2653,"I (E130)",2002,2008,13828
2654,"III (W30)",1999,2007,3597
2655,"II (W20)",1989,2000,3597
2656,"I (W10)",1984,1990,3597
2657,"II (L50)",1996,2000,3607
2658,"I (L40)",1991,1996,3607
2659,"II (C30)",2010,,19281
2660,"I (C10)",2004,2010,19281
2661,II,2001,2004,3611
2662,I,1996,2001,3611
2663,II,2012,,20425
2664,I,2004,2012,20425
2665,"II (T26)",2007,,3616
2666,"I (T24)",2001,2007,3616
2667,"III (XR50)",2006,,3619
2668,"II (XR30, XR40)",2000,2006,3619
2669,"I (XR10, XR20)",1990,2000,3619
2670,"I Рестайлинг",2015,,52513
2671,I,2011,2015,52513
2672,IV,2015,,3622
2673,"III Рестайлинг (ZVW30/35)",2011,2015,3622
2674,"III (ZVW30/35)",2009,2011,3622
2675,"II (NHW20)",2003,2009,3622
2676,"I Рестайлинг (NHW11)",2000,2003,3622
2677,"I (NHW10)",1997,2001,3622
2678,"I (ZVW40/41)",2011,2014,52181
2679,II,2010,,25212
2680,I,2005,2010,25212
2681,II,2003,2011,3631
2682,I,1997,2003,3631
2683,"IV (CA40) Рестайлинг",2015,,3633
2684,"IV (CA40)",2012,2015,3633
2685,"III (XA30) Рестайлинг",2010,2013,3633
2686,"III (XA30)",2005,2010,3633
2687,"II (XA20) Рестайлинг",2003,2006,3633
2688,"II (XA20)",2000,2003,3633
2689,"I (XA10)",1994,2000,3633
2690,II,2007,,3643
2691,"I Рестайлинг",2004,2007,3643
2692,I,2000,2005,3643
2693,III,2010,,3648
2694,"II Рестайлинг",2003,2010,3648
2695,II,2003,2005,3648
2696,I,1997,2003,3648
2697,"IV (Z40)",2001,2005,3652
2698,"III (Z30) Рестайлинг",1996,2001,3652
2699,"III (Z30)",1991,1996,3652
2700,"II (Z20)",1986,1991,3652
2701,I,1981,1985,3652
2702,III,1995,2002,52517
2703,II,1988,1995,52517
2704,I,1982,1988,52517
2705,IX,1995,2000,52521
2706,VIII,1991,1995,52521
2707,VII,1987,1991,52521
2708,VI,1983,1987,52521
2709,"VIII (E110)",1995,2000,13842
2710,"VII (E100)",1991,1995,13842
2711,"V (P90)",1996,1999,3656
2712,"IV (P80)",1989,1998,3656
2713,"III (P70)",1985,1990,3656
2714,"II (P60)",1978,1984,3656
2715,"IV (A80) Рестайлинг",1996,2002,3661
2716,"IV (A80)",1993,1996,3661
2717,"III (A70)",1986,1993,3661
2718,III,2015,,13854
2719,"II Рестайлинг",2012,2015,13854
2720,II,2004,2012,13854
2721,"I Рестайлинг",2000,2004,13854
2722,I,1995,2000,13854
2723,"V (L50) Рестайлинг",1997,2000,3664
2724,"V (L50)",1994,1997,3664
2725,"IV (L40)",1989,1994,3664
2726,"III (L30)",1987,1990,3664
2727,"II (L20)",1982,1988,3664
2728,"I (L10)",1979,1982,3664
2729,V,2008,,13852
2730,IV,1996,2007,13852
2731,III,1992,1996,13852
2732,II,1988,1993,13852
2733,I,1982,1988,13852
2734,"II Рестайлинг",2013,,16965
2735,II,2007,2013,16965
2736,"I Рестайлинг",2002,2006,16965
2737,I,2000,2002,16965
2738,"I Рестайлинг",2013,,20783
2739,I,2008,2012,20783
2740,II,2012,,32005
2741,I,2009,2012,32005
2742,III,2013,,42382
2743,II,2007,2013,42382
2744,I,2003,2007,42382
2745,"V (V50)",1998,2003,3671
2746,"IV (V40)",1994,1998,3671
2747,"III (V30)",1990,1994,3671
2748,"II (V20)",1986,1990,3671
2749,"I (V10)",1982,1986,3671
2750,"III (XP130)",2010,,3678
2751,"II (XP90)",2005,2011,3678
2752,"I (P10)",1998,2005,3678
2753,"II (VS)",2001,2004,4227
2754,"I (Vi)",1999,2001,4227
2755,"III (XV30) Рестайлинг",2004,2006,3681
2756,"III (XV30)",2001,2004,3681
2757,"II (XV20) Рестайлинг",1999,2001,3681
2758,"II (XV20)",1996,1999,3681
2759,"I (XV10)",1991,1996,3681
2760,"II Рестайлинг",2013,,13862
2761,II,2009,2012,13862
2762,I,2003,,13862
2763,"III Рестайлинг",2014,,3685
2764,III,2010,2014,3685
2765,"II Рестайлинг",2009,2012,3685
2766,II,2005,2009,3685
2767,"I Рестайлинг",2003,2005,3685
2768,I,1999,2003,3685
2769,"II (A5)",2011,,3983
2770,"I (A4) Рестайлинг",2005,2010,3983
2771,"I (A4)",1997,2005,3983
2772,IV,2015,,16624
2773,"III Рестайлинг",2010,2015,16624
2774,III,2004,2010,16624
2775,T5,2003,2015,52641
2776,T4,1991,2003,52641
2777,T6,2015,,52618
2778,"T5 Рестайлинг",2009,2015,52618
2779,T5,2003,2009,52618
2780,T4,1990,2003,52618
2781,T3,1980,1991,52618
2782,"I Рестайлинг",2010,,13384
2783,I,2006,2011,13384
2784,"I Рестайлинг",2009,,4407
2785,I,2003,2009,4407
2786,VII,2013,,54189
2787,VI,2008,2012,54189
2788,V,2004,2008,54189
2789,IV,2001,2005,54189
2790,III,1992,1997,54189
2791,II,1983,1991,54189
2792,I,1976,1983,54189
2793,II,2009,2014,3970
2794,I,2005,2009,3970
2795,VII,2013,,54237
2796,VI,2009,2013,54237
2797,V,2005,2008,54237
2798,VII,2012,,3959
2799,VI,2008,2012,3959
2800,V,2003,2009,3959
2801,IV,1997,2006,3959
2802,III,1991,2000,3959
2803,II,1983,1992,3959
2804,I,1974,1993,3959
2805,"VI Рестайлинг",2014,,12197
2806,VI,2010,2015,12197
2807,V,2005,2011,12197
2808,IV,1998,2005,12197
2809,III,1991,1998,12197
2810,II,1984,1992,12197
2811,I,1978,1984,12197
2812,T6,2015,,20704
2813,"T5 Рестайлинг",2009,2015,20704
2814,T5,2003,2009,20704
2815,T4,1992,,20704
2816,B8,2014,,3987
2817,B7,2010,,3987
2818,B6,2005,2010,3987
2819,"B5 Рестайлинг",2000,2005,3987
2820,B5,1996,2000,3987
2821,B4,1993,1997,3987
2822,B3,1988,1997,3987
2823,B2,1980,1988,3987
2824,B1,1973,1981,3987
2825,"I Рестайлинг",2012,,50674
2826,I,2008,2012,50674
2827,"I Рестайлинг",2010,,4002
2828,I,2002,2010,4002
2829,"V Рестайлинг",2014,,4004
2830,V,2009,2015,4004
2831,"IV Рестайлинг",2005,2009,4004
2832,IV,2001,2005,4004
2833,"III Рестайлинг",1999,2001,4004
2834,III,1994,2002,4004
2835,"II Рестайлинг",1990,1994,4004
2836,II,1981,1994,4004
2837,I,1975,1988,4004
2838,"III Рестайлинг",2014,,4020
2839,III,2008,2014,4020
2840,II,1980,1992,4020
2841,I,1974,1980,4020
2842,"II Рестайлинг",2015,,4024
2843,II,2010,2015,4024
2844,"I Рестайлинг 2",2003,2010,4024
2845,"I Рестайлинг",2000,2003,4024
2846,I,1995,2010,4024
2847,II,2016,,19543
2848,"I Рестайлинг",2011,,19543
2849,I,2007,2011,19543
2850,"II Рестайлинг",2014,,4029
2851,II,2010,2014,4029
2852,"I Рестайлинг",2007,2010,4029
2853,I,2002,2007,4029
2854,II,2010,,4033
2855,"I Рестайлинг",2005,2010,4033
2856,I,2003,2006,4033
2857,"T5 Рестайлинг",2009,2015,52628
2858,T5,2003,2009,52628
2859,T4,1990,2003,52628
2860,T2,1967,1979,12382853
2861,T1,1950,1967,12382853
2862,"I Рестайлинг",2010,2013,14103
2863,I,2006,2010,14103
2864,"II Рестайлинг",2009,2013,4242
2865,II,2005,2009,4242
2866,I,1997,2005,4242
2867,"II Рестайлинг",2007,2012,4074
2868,II,2003,2007,4074
2869,"I Рестайлинг",1999,2004,4074
2870,I,1995,1999,4074
2871,"II Рестайлинг",2013,,4077
2872,II,2010,2013,4077
2873,"I Рестайлинг",2004,2009,4077
2874,I,2000,2004,4077
2875,"II Рестайлинг 2",2013,,4082
2876,"II Рестайлинг",2010,2013,4082
2877,II,2006,2010,4082
2878,"I Рестайлинг",2003,2006,4082
2879,I,1998,2003,4082
2880,II,2012,,4087
2881,"I Рестайлинг",1999,2004,4087
2882,I,1995,1999,4087
2883,"I Рестайлинг",2007,2012,13928
2884,I,2004,2007,13928
2885,"I Рестайлинг",2013,,44049
2886,I,2010,2013,44049
2887,III,2007,,4113
2888,"II Рестайлинг",2004,2007,4113
2889,II,2000,2004,4113
2890,I,1997,2000,4113
2891,"I Рестайлинг",2013,,25415
2892,I,2008,2013,25415
2893,"II Рестайлинг",2013,,4259
2894,II,2007,2013,4259
2895,"I Рестайлинг",2004,2007,4259
2896,I,2000,2004,4259
2897,II,2015,,4091
2898,"I Рестайлинг",2006,,4091
2899,I,2002,2006,4091
2900,"II (FL-C)",2012,2014,42937
2901,I,2008,2011,42937
2902,"I (FL)",2012,,42883
2903,I,2010,2012,42883
2904,"I Рестайлинг",2009,,19232
2905,I,2005,,19232
2906,"II (2410)",1986,1993,15153
2907,"I (24)",1970,1987,15153
2908,"I Рестайлинг 2",2014,,4334
2909,"I Рестайлинг",2012,2014,4334
2910,I,2005,2012,4334
2911,"I Рестайлинг",2012,,25825
2912,I,2008,2012,25825
2913,"Nissan Juke",2010,2014,52785
2914,"Mercedes-Benz M-klasse",2005,2011,52785
2915,"Audi Q7",2005,2009,52785
2916,"Chrysler 300C",2004,2010,52785
2917,"Cadillac SRX",2004,2010,52785
2918,"Infiniti QX56",2004,2010,52785
2919,"Bentley Arnage",2002,2009,52785
2920,"Porsche Cayenne",2002,2007,52785
2921,"Cadillac CTS",2002,2007,52785
2922,"Dodge Ram",2001,2009,52785
2923,"BMW 7er",2001,2008,52785
2924,"Chrysler PT Cruiser",2000,2010,52785
2925,"Ford Excursion",1999,2005,52785
2926,"Cadillac Escalade",1998,2014,52785
2927,"Jaguar S-Type",1998,2007,52785
2928,"Lincoln Navigator",1997,2006,52785
2929,Hummer,1992,2007,52785
2930,"Chevrolet Suburban",1991,2006,52785
2931,Ferrari,1980,,52785
2932,"Lincoln Town Car",1980,2011,52785
2933,"Rolls-Royce Silver Spur",1980,1998,52785
2934,"III (W176) Рестайлинг",2015,,219600
2935,"III (W176)",2012,2015,219600
2936,"II (W169) Рестайлинг",2008,2012,219600
2937,"II (W169)",2004,2008,219600
2938,"I (W168) Рестайлинг",2001,2004,219600
2939,"I (W168)",1997,2001,219600
2940,"IV (W212, S212, C207) Рестайлинг",2013,,221600
2941,"IV (W212, S212, C207)",2009,2013,221600
2942,"III (W211, S211) Рестайлинг",2006,2009,221600
2943,"III (W211, S211)",2002,2006,221600
2944,"II (W210, S210) Рестайлинг",1999,2003,221600
2945,"II (W210, S210)",1995,1999,221600
2946,"I (W124)",1992,1996,221600
2947,"VI (W222, C217)",2013,,223800
2948,"V (W221) Рестайлинг",2009,2013,223800
2949,"V (W221)",2005,2009,223800
2950,"IV (W220) Рестайлинг",2002,2005,223800
2951,"IV (W220)",1998,2005,223800
2952,"III (W140) Рестайлинг",1994,1998,223800
2953,"III (W140)",1991,2000,223800
2954,"II (W126)",1979,1991,223800
2955,"I (W116)",1972,1980,223800
2956,W108,1965,1972,223800
2957,III,1997,2003,233200
2958,II,1991,1997,233200
2959,I,1989,1991,233200
2960,III,1997,2003,233201
2961,II,1991,1997,233201
2962,I,1989,1991,233201
2963,"VII Рестайлинг",2008,2012,233400
2964,VII,2004,2012,233400
2965,VI,1995,2003,233400
2966,V,1991,1996,233400
2967,IV,1987,1992,233400
2968,III,1983,1987,233400
2969,II,1978,1984,233400
2970,"VII Рестайлинг",2008,2012,233401
2971,VII,2004,2012,233401
2972,VI,1995,2003,233401
2973,V,1991,1996,233401
2974,IV,1987,1992,233401
2975,III,1983,1987,233401
2976,II,1978,1984,233401
2977,"IV (N12)",1982,1986,256400
2978,"III (N10)",1978,1983,256400
2979,"II (F10)",1974,1978,256400
2980,"I (E10)",1970,1974,256400
2981,"IV (N12)",1982,1986,256401
2982,"III (N10)",1978,1983,256401
2983,"II (F10)",1974,1978,256401
2984,"I (E10)",1970,1974,256401
2985,II,1995,2000,263000
2986,I,1990,1994,263000
2987,III,2003,2009,265000
2988,II,1999,2002,265000
2989,IV,2010,,265000
2990,I,1992,1998,265000
2991,II,2001,2007,269400
2992,I,1996,2001,269400
2993,III,2013,,273000
2994,"II Рестайлинг",2011,2014,273000
2995,II,2007,2011,273000
2996,I,2001,2007,273000
2997,II,2001,2003,273600
2998,I,1994,1999,273600
2999,III,2001,2004,273800
3000,II,1995,2001,273800
3001,I,1990,1995,273800
3002,X,1992,1999,274200
3003,IX,1986,1991,274200
3004,VIII,1977,1985,274200
3005,VII,1971,1976,274200
3006,V,1998,2005,289400
3007,IV,1992,1998,289400
3008,III,1985,1991,289400
3009,"VII (991) Рестайлинг",2015,,292000
3010,"VII (991)",2011,,292000
3011,"VI (997) Рестайлинг",2008,2012,292000
3012,"VI (997)",2004,2008,292000
3013,"V (996) Рестайлинг",2000,2005,292000
3014,"V (996)",1997,2000,292000
3015,"IV (993)",1993,1997,292000
3016,"III (964)",1988,1994,292000
3017,"II (930)",1972,1990,292000
3018,"I (901, 911)",1963,1979,292000
3019,"III (981)",2012,,295000
3020,"II (987) Рестайлинг 2",2009,2011,295000
3021,"II (987) Рестайлинг 1",2006,2009,295000
3022,"II (987)",2004,2006,295000
3023,"I (986) Рестайлинг",2002,2004,295000
3024,"I (986)",1996,2002,295000
3025,718,1987,,297800
3026,716,1987,,297800
3027,710,1974,1987,297800
3028,712,1971,1985,297800
3029,718,1987,,297801
3030,716,1987,,297801
3031,710,1974,1987,297801
3032,712,1971,1985,297801
3033,718,1987,,297802
3034,716,1987,,297802
3035,710,1974,1987,297802
3036,712,1971,1985,297802
3037,718,1987,,297803
3038,716,1987,,297803
3039,710,1974,1987,297803
3040,712,1971,1985,297803
3041,718,1987,,297804
3042,716,1987,,297804
3043,710,1974,1987,297804
3044,712,1971,1985,297804
3045,718,1987,,297805
3046,716,1987,,297805
3047,710,1974,1987,297805
3048,712,1971,1985,297805
3049,718,1987,,297806
3050,716,1987,,297806
3051,710,1974,1987,297806
3052,712,1971,1985,297806
3053,718,1987,,297807
3054,716,1987,,297807
3055,710,1974,1987,297807
3056,712,1971,1985,297807
3057,718,1987,,297808
3058,716,1987,,297808
3059,710,1974,1987,297808
3060,712,1971,1985,297808
3061,718,1987,,297809
3062,716,1987,,297809
3063,710,1974,1987,297809
3064,712,1971,1985,297809
3065,718,1987,,2978010
3066,716,1987,,2978010
3067,710,1974,1987,2978010
3068,712,1971,1985,2978010
3069,718,1987,,2978011
3070,716,1987,,2978011
3071,710,1974,1987,2978011
3072,712,1971,1985,2978011
3073,718,1987,,2978012
3074,716,1987,,2978012
3075,710,1974,1987,2978012
3076,712,1971,1985,2978012
3077,718,1987,,2978013
3078,716,1987,,2978013
3079,710,1974,1987,2978013
3080,712,1971,1985,2978013
3081,718,1987,,2978014
3082,716,1987,,2978014
3083,710,1974,1987,2978014
3084,712,1971,1985,2978014
3085,"II (Europa)",1996,2002,300200
3086,II,1991,1997,300200
3087,I,1988,1992,300200
3088,"II (Europa)",1996,2002,300201
3089,II,1991,1997,300201
3090,I,1988,1992,300201
3091,"II (Europa)",1996,2002,300202
3092,II,1991,1997,300202
3093,I,1988,1992,300202
3094,"II (Europa)",1996,2002,300203
3095,II,1991,1997,300203
3096,I,1988,1992,300203
3097,"II (Europa)",1996,2002,300204
3098,II,1991,1997,300204
3099,I,1988,1992,300204
3100,"II (Europa)",1996,2002,300205
3101,II,1991,1997,300205
3102,I,1988,1992,300205
3103,"II (Europa)",1996,2002,300206
3104,II,1991,1997,300206
3105,I,1988,1992,300206
3106,"II (Europa)",1996,2002,300207
3107,II,1991,1997,300207
3108,I,1988,1992,300207
3109,"II (Europa)",1996,2002,300208
3110,II,1991,1997,300208
3111,I,1988,1992,300208
3112,"II (Europa)",1996,2002,300209
3113,II,1991,1997,300209
3114,I,1988,1992,300209
3115,"II (Europa)",1996,2002,3002010
3116,II,1991,1997,3002010
3117,I,1988,1992,3002010
3118,"II (Europa)",1996,2002,3002011
3119,II,1991,1997,3002011
3120,I,1988,1992,3002011
3121,"II (Europa)",1996,2002,3002012
3122,II,1991,1997,3002012
3123,I,1988,1992,3002012
3124,IV,2012,,302400
3125,"III Рестайлинг",2009,,302400
3126,III,2005,2009,302400
3127,"II Рестайлинг 2",2003,2013,302400
3128,"II Рестайлинг",2001,2003,302400
3129,II,1998,2001,302400
3130,I,1990,1998,302400
3131,II,2008,2010,306800
3132,"I Рестайлинг",1996,2000,306800
3133,I,1992,1996,306800
3134,III,2014,,319800
3135,"II Рестайлинг",2010,2014,319800
3136,II,2007,2010,319800
3137,"I Рестайлинг",2004,2007,319800
3138,I,1999,2004,319800
3139,III,2015,,322400
3140,"II Рестайлинг",2013,2015,322400
3141,II,2008,2013,322400
3142,"I Рестайлинг",2006,2008,322400
3143,I,2002,2006,322400
3144,"II (W)",2008,,323200
3145,"I (H)",1997,,323200
3146,III,2012,,323800
3147,II,2007,2012,323800
3148,I,2002,2008,323800
3149,II,2010,,328400
3150,"I Рестайлинг 3",2004,2009,328400
3151,"I Рестайлинг 2",2002,2004,328400
3152,"I Рестайлинг",2000,2002,328400
3153,I,1998,2000,328400
3154,II,2010,,328401
3155,"I Рестайлинг 3",2004,2009,328401
3156,"I Рестайлинг 2",2002,2004,328401
3157,"I Рестайлинг",2000,2002,328401
3158,I,1998,2000,328401
3159,III,2011,,332000
3160,II,2005,2011,332000
3161,I,2001,2005,332000
3162,"XI (E160, E170)",2013,,347600
3163,"X (E140, E150) Рестайлинг",2010,2013,347600
3164,"X (E140, E150)",2006,2012,347600
3165,"IX (E120, E130) Рестайлинг",2003,2008,347600
3166,"IX (E120, E130)",2000,2004,347600
3167,"VIII (E110) Рестайлинг",1999,2002,347600
3168,"VIII (E110)",1995,2002,347600
3169,"VII (E100)",1991,2000,347600
3170,"VI (E90)",1987,1993,347600
3171,"V (E80)",1983,1988,347600
3172,"IV (E70)",1979,1987,347600
3173,"III (E30, E40, E50, E60)",1972,1980,347600
3174,"II (M20) Рестайлинг",2003,2009,356800
3175,"II (M20)",2001,2003,356800
3176,"I (M10)",1996,2001,356800
3177,"II (T26)",2007,,361600
3178,"I (T24)",2001,2007,361600
3179,IV,2015,,362200
3180,"III Рестайлинг (ZVW30/35)",2011,2015,362200
3181,"III (ZVW30/35)",2009,2011,362200
3182,"II (NHW20)",2003,2009,362200
3183,"I Рестайлинг (NHW11)",2000,2003,362200
3184,"I (NHW10)",1997,2001,362200
3185,"I Рестайлинг",2010,,400200
3186,I,2002,2010,400200
3187,II,2015,,409100
3188,"I Рестайлинг",2006,,409100
3189,I,2002,2006,409100
3190,"II Рестайлинг",2009,2013,424200
3191,II,2005,2009,424200
3192,I,1997,2005,424200
3193,"I Рестайлинг 2",2008,2011,428900
3194,"I Рестайлинг",2006,2008,428900
3195,I,2003,2006,428900
3196,III,2014,,429600
3197,"II Рестайлинг",2010,2014,429600
3198,II,2006,2010,429600
3199,I,1999,2005,429600
3200,"I Рестайлинг",2007,2013,429800
3201,I,2003,2008,429800
3202,II,2011,,437500
3203,I,2004,2011,437500