id,name,mark_id
7,Cobra,1
8,CL,5
10,EL,5
20,MDX,5
25,RL,5
28,RSX,5
32,TL,5
37,TSX,5
43,146,7
45,147,7
47,155,7
50,156,7
52,164,7
55,166,7
56,33,7
66,90,7
78,Giulietta,7
81,GT,7
85,GTV,7
92,Spider,7
183,24,11
189,Rocsta,12
193,DB7,14
199,DB9,14
207,"V12 Vanquish",14
208,"V8 Vantage",14
214,Virage,14
223,200,15
228,50,15
230,A2,15
231,A3,15
236,A4,15
244,"A4 allroad",15
245,A6,15
253,A8,15
260,"A6 allroad",15
264,Cabriolet,15
265,Coupe,15
272,RS4,15
277,RS6,15
283,S2,15
285,S3,15
289,S4,15
297,S6,15
304,S8,15
307,TT,15
333,Arnage,25
338,Azure,25
341,Brooklands,25
344,Continental,25
348,"Continental Flying Spur",25
355,Mulsanne,25
358,"Turbo R",25
365,3er,30
384,5er,30
395,6er,30
401,7er,30
407,8er,30
418,"EB Veyron 16.4",36
421,Century,37
427,LeSabre,37
432,"Park Avenue",37
439,Regal,37
444,Rendezvous,37
446,Riviera,37
453,Skylark,37
458,Catera,41
460,CTS,41
464,"De Ville",41
469,Eldorado,41
473,Escalade,41
487,Seville,41
505,Alero,49
509,Astro,49
511,Beretta,49
513,Blazer,49
518,Camaro,49
524,Caprice,49
529,Cavalier,49
543,Corvette,49
551,Impala,49
556,Lumina,49
557,"Lumina APV",49
558,Malibu,49
569,Niva,49
577,"S-10 Pickup",49
579,SSR,49
581,Suburban,49
586,Tahoe,49
590,Tracker,49
594,TrailBlazer,49
596,"Trans Sport",49
601,Venture,49
607,Concorde,50
612,Crossfire,50
622,"Le Baron",50
625,LHS,50
628,Neon,50
631,"NEW Yorker",50
636,Pacifica,50
638,Prowler,50
641,"PT Cruiser",50
643,Sebring,50
654,Stratus,50
656,"Town & Country",50
664,Vision,50
666,Voyager,50
671,"2 CV",52
679,Ax,52
680,Berlingo,52
684,BX,52
688,C3,52
691,"C3 Picasso",52
693,C5,52
698,C8,52
700,CX,52
711,Evasion,52
724,Saxo,52
727,Xantia,52
732,XM,52
738,Xsara,52
741,"Xsara Picasso",52
743,ZX,52
759,Nubira,61
773,Espero,61
777,Kalos,61
782,Lacetti,61
803,"Lanos (Sens)",61
808,Leganza,61
809,Magnus,61
811,Matiz,61
817,Nexia,61
822,Racer,61
825,Rezzo,61
827,Tico,61
838,Applause,63
841,Atrai,63
844,Charade,63
852,Cuore,63
862,Feroza,63
868,MAX,63
870,Mira,63
872,Move,63
878,Sirion,63
881,Terios,63
888,YRV,63
901,DS420,64
902,XJ40,64
906,DMC-12,67
917,Avenger,71
918,Caravan,71
927,Dakota,71
931,Durango,71
934,Intrepid,71
941,Shadow,71
942,Spirit,71
944,Stealth,71
946,Assol,72
948,Kondor,72
953,Premier,74
986,575M,79
998,126,80
1015,500,80
1021,Brava,80
1022,Bravo,80
1033,Croma,80
1041,Fiorino,80
1045,Marea,80
1048,Multipla,80
1050,Palio,80
1052,Panda,80
1057,Punto,80
1072,Regata,80
1074,Ritmo,80
1079,Seicento,80
1083,Stilo,80
1088,Tempra,80
1091,Tipo,80
1092,Ulysse,80
1095,UNO,80
1100,Capri,82
1104,Consul,82
1108,Cougar,82
1109,Escort,82
1133,Excursion,82
1135,Expedition,82
1140,Explorer,82
1146,Fiesta,82
1153,Focus,82
1171,Galaxy,82
1174,Granada,82
1180,KA,82
1185,Maverick,82
1188,Mondeo,82
1201,Probe,82
1205,Puma,82
1206,Scorpio,82
1212,Sierra,82
1218,Taunus,82
1232,Aerostar,82
1234,Aspire,82
1236,Contour,82
1238,"Crown Victoria",82
1243,Econoline,82
1244,Escape,82
1247,Mustang,82
1256,Taurus,82
1271,Thunderbird,82
1276,Windstar,82
1292,"22 «Волга»",292
1302,Envoy,90
1305,Jimmy,90
1307,Savana,90
1311,Yukon,90
1355,Accord,104
1378,Avancier,104
1380,Capa,104
1382,City,104
1387,Civic,104
1420,Concerto,104
1422,CR-V,104
1426,CR-X,104
1430,Domani,104
1435,Fit,104
1438,HR-V,104
1439,Insight,104
1442,Inspire,104
1446,Jazz,104
1452,Legend,104
1459,Life,104
1461,Logo,104
1464,Mobilio,104
1466,"Odyssey (North America)",104
1470,Orthia,104
1472,Passport,104
1474,Pilot,104
1477,Prelude,104
1485,S2000,104
1487,Saber,104
1491,S-MX,104
1492,Stepwgn,104
1498,Stream,104
1501,That'S,104
1505,Torneo,104
1507,Vamos,104
1508,Vigor,104
1510,Z,104
1513,H1,107
1514,H2,107
1516,H3,107
1517,Accent,109
1526,Atos,109
1540,Galloper,109
1543,Getz,109
1552,Elantra,109
1561,Matrix,109
1563,Excel,109
1567,Scoupe,109
1568,"Santa Fe",109
1571,Santamo,109
1573,Sonata,109
1583,Terracan,109
1592,Trajet,109
1593,XG,109
1595,"2126 «Ода»",299
1599,"21261 «Фабула»",299
1604,FX,114
1629,Q,114
1661,Aska,121
1665,Axiom,121
1669,Gemini,121
1677,Trooper,121
1682,VehiCross,121
1689,S-Type,125
1691,X-Type,125
1693,XJ,125
1700,XJS,125
1704,Cherokee,127
1708,CJ,127
1710,"Grand Cherokee",127
1715,Wrangler,127
1722,Capital,134
1724,Carens,134
1727,Carnival,134
1731,Clarus,134
1737,Enterprise,134
1739,Joice,134
1742,Magentis,134
1746,Opirus,134
1751,Pride,134
1754,Retona,134
1755,Rio,134
1763,Sephia,134
1767,Shuma,134
1770,Sorento,134
1774,Sportage,134
1780,Visto,134
1794,Diablo,145
1807,Murcielago,145
1818,Dedra,146
1821,Delta,146
1830,Kappa,146
1834,Lybra,146
1837,Phedra,146
1839,Prisma,146
1841,Thema,146
1844,Thesis,146
1853,Discovery,147
1858,Freelander,147
1867,"Range Rover",147
1871,"Range Rover Sport",147
1872,ES,152
1878,GX,152
1881,IS,152
1887,LS,152
1892,LX,152
1896,RX,152
1900,SC,152
1903,Aviator,153
1906,Navigator,153
1910,"Town Car",153
1918,Elise,154
1931,Exige,154
1933,TX,156
1988,"3200 GT",164
1992,"4200 GT",164
1996,Biturbo,164
2002,Ghibli,164
2016,Quattroporte,164
2031,121,166
2035,323,166
2054,626,166
2068,818,166
2070,929,166
2077,Atenza,166
2085,AZ-Wagon,166
2086,B-series,166
2100,Demio,166
2109,"Eunos 800",166
2114,Lantis,166
2115,Laputa,166
2119,2,166
2123,Millenia,166
2124,MPV,166
2129,MX-3,166
2130,MX-5,166
2136,MX-6,166
2139,Premacy,166
2147,RX-7,166
2152,RX-8,166
2161,Tribute,166
2164,"Golf GTD",273
2167,"Xedos 6",166
2169,"Xedos 9",166
2172,"Touareg R50",273
2173,F1,167
2176,"100 S4",15
2194,"Escalade ESV",41
2195,"190 (W201)",170
2196,"Escalade EXT",41
219600,A-klasse,170
2199,C-klasse,170
2207,CL-klasse,170
2211,CLK-klasse,170
2214,"Integra Type R",104
221400,"Accord Type R",104
2216,"Accord Type S",104
221600,E-klasse,170
2218,"Civic Hybrid",104
2228,G-klasse,170
2233,M-klasse,170
2238,S-klasse,170
223800,"323 GT",166
2242,"Mustang Shelby GT500",82
2247,SLK-klasse,170
2250,"Pajero EVO",181
2252,"Micra 160 SR",191
225200,Vaneo,170
2257,Mountaineer,171
2260,"Corsa Corsa GSi",197
2261,Sable,171
2264,"Corsa OPC NE",197
2266,"ES 250",152
226600,"GS 250",152
226601,"IS 250",152
2268,"RX 300",152
226800,"IS 300",152
226801,"GS 300",152
226802,"ES 300",152
2270,"RX 330",152
227000,"ES 330",152
2272,"RX 350",152
227200,"GS 350",152
227201,"IS 350",152
227202,"ES 350",152
2273,Tracer,171
2274,"IS 300h",152
227400,"ES 300h",152
227401,"NX 300h",152
2276,Villager,171
2278,F,174
2280,"GS 400",152
228000,"LS 400",152
2282,"GS 430",152
228200,"SC 430",152
228201,"LS 430",152
2284,"GS 450h",152
228400,"RX 450h",152
2286,"GX 460",152
228600,"LS 460",152
228601,"GS 460",152
2288,"CT 200h",152
2290,"LX 470",152
229000,"GX 470",152
2292,"HS 250h",152
2293,ZT,174
2294,"NX 200",152
229400,"IS 200",152
229401,"ES 200",152
2296,"IS 220d",152
2298,Hatch,177
2306,"LS 460 L",152
2308,"LS 600h L",152
2312,"LX 570",152
2314,"RX 400h",152
2316,"RX 270",152
2318,"3000 GT",181
2320,Airtrek,181
232000,"207 RC",205
232001,"206 RC",205
2322,"Panamera Turbo",208
232200,"Macan Turbo",208
232201,"Cayenne Turbo",208
232202,"911 Turbo",208
2323,Legnum,181
2324,"Cayenne Turbo S",208
232400,"911 Turbo S",208
232401,"Panamera Turbo S",208
2325,Carisma,181
2326,"Boxster S",208
232600,"Cayenne S",208
232601,"Macan S",208
232602,"Panamera S",208
232603,"Cayman S",208
2328,"Cayenne GTS",208
232800,"Panamera GTS",208
2330,Challenger,181
233000,"Cayenne S Hybrid",208
233001,"Panamera S Hybrid",208
2332,"Cayenne Diesel",208
233200,Chariot,181
233201,"Panamera Diesel",208
2334,"Macan S Diesel",208
233400,Colt,181
233401,"Cayenne S Diesel",208
2344,"Panamera 4",208
2346,"Panamera 4S",208
2348,Debonair,181
2349,Diamante,181
2353,Dingo,181
2354,Dion,181
2356,Eclipse,181
2360,"Roomster Scout",236
236000,"Octavia Scout",236
236001,"Fabia Scout",236
2362,"Every Landy",247
2363,eK,181
2364,"Escudo Grand Escudo",247
2365,Emeraude,181
2366,"Grand Vitara XL-7",247
2367,FTO,181
2369,Galant,181
2372,"Scenic Grand Scenic",217
2374,"Sandero Stepway",217
2376,"Scenic RX4",217
2382,"Legacy GT",246
2383,Grandis,181
2386,GTO,181
2387,Libero,181
2389,Minica,181
2390,"Impreza XV",246
2393,Mirage,181
2394,"850 R",274
239400,"S60 R",274
2396,"V70 XC",274
2402,Outlander,181
2405,Pajero,181
2406,"Pajero Junior",181
2407,"Pajero iO",181
2415,"Pajero Pinin",181
2424,RVR,181
2428,Sapporo,181
2433,Sigma,181
2436,"Space Gear",181
2437,"Space Runner",181
2441,"Space Star",181
2442,"Space Wagon",181
2448,Starion,181
2450,Toppo,181
2457,"Aero 8",185
2475,2140,316
2482,2141,316
2487,Святогор,316
2489,403,316
2491,407,316
2492,"2109 Тарзан",288
249200,"2108 Тарзан",288
2493,423,316
2500,2138,316
2502,"Князь Владимир",316
2505,100NX,191
2506,200SX,191
2510,"2110 Премьер",288
2511,300ZX,191
2512,"2111 Богдан",288
251200,"2110 Богдан",288
2514,"2110 Консул",288
2515,350Z,191
2517,Almera,191
2518,"Almera Tino",191
2524,Altima,191
2529,Avenir,191
2533,Bassara,191
2535,Bluebird,191
2551,Cedric,191
2559,Cefiro,191
2564,"Kalina Sport",288
256400,Cherry,191
256401,"Granta Sport",288
2575,Cube,191
2580,Elgrand,191
2583,Gloria,191
2590,Largo,191
259000,"C4 Picasso Grand C4 Picasso",52
2591,Laurel,191
2596,"C-MAX Grand C-MAX",82
2597,Leopard,191
2598,"Taurus SHO",82
2600,"Atos Prime",109
2602,"Defender 90",147
260200,Liberty,191
2603,Lucino,191
2604,"Defender 110",147
2605,Micra,191
2610,Moco,191
2612,Murano,191
2614,"Camry (Japan) Gracia",260
2615,Pathfinder,191
2618,"Carina Carina E",260
2620,"Corolla Axio",260
2623,Prairie,191
2626,"Corolla Runx",260
2627,Presage,191
2628,"Corolla Ceres",260
2630,Presea,191
263000,"Corolla Levin",260
2632,"Corona EXiV",260
2633,President,191
2636,"HiAce Grand HiAce",260
2637,Primera,191
2644,"Touran Cross",273
264400,"Golf Plus Cross",273
264401,"Polo Cross",273
2646,"Polo Fun",273
2647,Pulsar,191
2650,"AD Expert",191
265000,Quest,191
2654,R'nessa,191
2658,Safari,191
2660,"Skyline GT-R",191
2661,Sentra,191
2662,"Tiida Latio",191
2665,Serena,191
2669,Silvia,191
2670,"Priora Premier",288
2675,Skyline,191
2676,"206 206+",205
2688,"Celica GT-Four",260
2690,"Celica GT",260
2694,Stagea,191
269400,"Corolla Fielder",260
2696,"Corolla GTi",260
2701,Sunny,191
2702,"1er 116",30
2704,"1er 118",30
2706,"1er 120",30
2708,"1er 125",30
2710,"1er 130",30
2712,"1er 135",30
2717,Terrano,191
2720,"Terrano Regulus",191
2721,Tino,191
2723,Wingroad,191
2724,"3er 315",30
2726,"3er 316",30
2727,X-Terra,191
2730,"3er 318",30
273000,X-Trail,191
2733,Achieva,196
2736,"3er 323",30
273600,Aurora,196
2738,"3er 320",30
273800,Bravada,196
2742,"3er 324",30
274200,Eighty-Eight,196
2744,"3er 325",30
2748,Silhouette,196
2750,"3er 328",30
2751,Admiral,197
2753,Agila,197
2756,Ascona,197
2758,"3er 330",30
2762,Calibra,197
2764,"3er 335",30
2766,Manta,197
2770,Meriva,197
2772,Monterey,197
2775,Rekord,197
2776,"5er 518",30
2780,"5er 520",30
2781,Signum,197
2783,Sintra,197
2786,"5er 525",30
2787,Tigra,197
2788,"5er 528",30
2792,"5er 524",30
2798,"5er 535",30
2800,"5er 540",30
2802,"5er 530",30
2809,106,205
2810,"5er 550",30
2818,"5er 523",30
2819,206,205
2830,"5er 545",30
2834,306,205
2839,307,205
2842,"6er 630",30
2843,309,205
2846,405,205
284600,"6er 635",30
2851,406,205
2852,"6er 645",30
2854,"6er 650",30
2856,"6er 640",30
2862,"7er 725",30
2864,"7er 728",30
2866,605,205
2868,607,205
2870,806,205
2872,807,205
2874,"7er 735",30
287400,Acclaim,206
2876,"7er 745",30
287600,Breeze,206
2878,"7er 750",30
287800,Laser,206
2880,"7er 760",30
2886,Bonneville,207
2890,Firebird,207
2892,"7er 730",30
2894,"Grand AM",207
289400,"7er 740",30
2896,"7er Active Hybrid 7",30
2900,"Grand Prix",207
2917,Vibe,207
2920,"X1 18d",30
292000,911,208
2922,"X1 18i",30
2924,"X4 20d",30
292400,"X1 20d",30
292401,"X3 20d",30
2926,"X3 20i",30
292600,"Z4 20i",30
292601,"X1 20i",30
292602,"X4 20i",30
2928,"X1 23d",30
2930,"X3 25i",30
293000,"X1 25i",30
2932,"X3 28i",30
293200,"X4 28i",30
293201,"Z4 28i",30
293202,"X1 28i",30
2934,"X5 30d",30
293400,"X6 30d",30
293401,"X3 30d",30
293402,"X4 30d",30
2936,"X5 35d",30
293600,"X6 35d",30
293601,"X3 35d",30
2938,"Z4 30i",30
293800,"X3 30i",30
293801,"X5 30i",30
2940,"X4 35i",30
294000,"X6 35i",30
294001,"X3 35i",30
294002,"X5 35i",30
294003,"Z4 35i",30
2942,"X6 50i",30
294200,"X5 50i",30
2944,"X5 M50d",30
294400,"X6 M50d",30
2946,"X6 40d",30
294600,"X5 40d",30
2948,"X5 48i",30
2950,"Z4 23i",30
295000,Boxster,208
2952,"X5 25d",30
295200,"X1 25d",30
2953,"Carrera GT",208
2954,"370Z Nismo",191
2955,Cayenne,208
2956,"A-klasse 140",170
2958,"A-klasse 150",170
295800,"B-klasse 150",170
2960,"A-klasse 160",170
2962,"A-klasse 170",170
296200,"B-klasse 170",170
2964,"GLA-klasse 180",170
296400,"A-klasse 180",170
296401,"CLC-klasse 180",170
296402,"B-klasse 180",170
296403,"CLA-klasse 180",170
296404,"C-klasse 180",170
2965,Satria,211
2966,"A-klasse 190",170
2967,"Wira (400 Series)",211
2968,"SLK-klasse 200",170
296800,"W115 200",170
296801,"C-klasse 200",170
296802,"GLK-klasse 200",170
296803,"CLK-klasse 200",170
296804,"E-klasse 200",170
296805,"A-klasse 200",170
296806,"V-klasse 200",170
296807,"B-klasse 200",170
296808,"W123 200",170
296809,"CLC-klasse 200",170
2968010,"W124 200",170
2968011,"GLA-klasse 200",170
2968012,"CLA-klasse 200",170
2972,"W115 220",170
297200,"E-klasse 220",170
297201,"GLK-klasse 220",170
297202,"CLA-klasse 220",170
297203,"GLC-klasse 220",170
297204,"C-klasse 220",170
297205,"V-klasse 220",170
297206,"W124 220",170
2974,"E-klasse 230",170
297400,"G-klasse 230",170
297401,"W123 230",170
297402,"W115 230",170
297403,"C-klasse 230",170
297404,"V-klasse 230",170
297405,"CLC-klasse 230",170
297406,"M-klasse 230",170
297407,"W124 230",170
297408,"W114 230",170
297409,"CLK-klasse 230",170
2976,"E-klasse 240",170
297600,"CLK-klasse 240",170
297601,"W115 240",170
297602,"C-klasse 240",170
297603,"W123 240",170
2978,"G-klasse 250",170
297800,"SLK-klasse 250",170
297801,"CLS-klasse 250",170
297802,"V-klasse 250",170
297803,"W123 250",170
297804,"GLA-klasse 250",170
297805,"GLK-klasse 250",170
297806,"E-klasse 250",170
297807,"W124 250",170
297808,Pinzgauer,212
297809,"GLC-klasse 250",170
2978010,"GLE 250",170
2978011,"M-klasse 250",170
2978012,"CLA-klasse 250",170
2978013,"C-klasse 250",170
2978014,"A-klasse 250",170
2980,"C-klasse 270",170
298000,"E-klasse 270",170
298001,"M-klasse 270",170
298002,"G-klasse 270",170
2982,"W123 280",170
298200,"SL-klasse 280",170
298201,"E-klasse 280",170
298202,"V-klasse 280",170
298203,"CLS-klasse 280",170
298204,"M-klasse 280",170
298205,"W114 280",170
298206,"S-klasse 280",170
298207,"C-klasse 280",170
298208,"SLK-klasse 280",170
298209,"G-klasse 280",170
2982010,"R-klasse 280",170
2982011,"GLK-klasse 280",170
2982012,"CLK-klasse 280",170
2982013,"W124 280",170
2984,"G-klasse 300",170
298400,"C-klasse 300",170
298401,"GLK-klasse 300",170
298402,"E-klasse 300",170
298403,"W123 300",170
298404,"M-klasse 300",170
298405,"SL-klasse 300",170
298406,"R-klasse 300",170
298407,"GLC-klasse 300",170
298408,"S-klasse 300",170
298409,"W124 300",170
2984010,"CLS-klasse 300",170
2986,"M-klasse 320",170
298600,"W124 320",170
298601,"GL-klasse 320",170
298602,"E-klasse 320",170
298603,"G-klasse 320",170
298604,"C-klasse 320",170
298605,"CLS-klasse 320",170
298606,"CLK-klasse 320",170
298607,"GLK-klasse 320",170
298608,"SL-klasse 320",170
298609,"R-klasse 320",170
2986010,"S-klasse 320",170
2988,"GL-klasse 350",170
298800,"CLK-klasse 350",170
298801,"SL-klasse 350",170
298802,"E-klasse 350",170
298803,"M-klasse 350",170
298804,"GLE Coupe 350",170
298805,"C-klasse 350",170
298806,"SLK-klasse 350",170
298807,"S-klasse 350",170
298808,"GLK-klasse 350",170
298809,"CLS-klasse 350",170
2988010,"R-klasse 350",170
2988011,"G-klasse 350",170
2988012,"GLE 350",170
3000,"E-klasse 420",170
300000,"CL-klasse 420",170
300001,"W124 420",170
300002,"GL-klasse 420",170
300003,"S-klasse 420",170
300004,"M-klasse 420",170
3002,"CLS-klasse 500",170
300200,"W124 500",170
300201,"GL-klasse 500",170
300202,19,217
300203,"CL-klasse 500",170
300204,"G-klasse 500",170
300205,"Maybach S-klasse 500",170
300206,"S-klasse 500",170
300207,"E-klasse 500",170
300208,"GLE 500",170
300209,"R-klasse 500",170
3002010,"CLK-klasse 500",170
3002011,"M-klasse 500",170
3002012,"SL-klasse 500",170
3004,"Maybach S-klasse 600",170
300400,"CL-klasse 600",170
300401,"SL-klasse 600",170
300402,"S-klasse 600",170
3008,"M-klasse 550",170
300800,"S-klasse 550",170
300801,"GL-klasse 550",170
300802,"CLS-klasse 550",170
300803,"CL-klasse 550",170
3010,"CLK-klasse 430",170
301000,"E-klasse 430",170
301001,"M-klasse 430",170
301002,"S-klasse 430",170
3014,"E-klasse 290",170
3022,"W124 260",170
302200,"S-klasse 260",170
3024,Clio,217
302400,"S-klasse 380",170
3026,"S-klasse 560",170
3031,Espace,217
3032,"1er M135i",30
3038,"Escort XR3i",82
3043,Kangoo,217
3047,Laguna,217
3052,"911 Carrera",208
3055,Megane,217
3056,"Countryman One",177
305600,"Clubman One",177
305601,"Hatch One",177
3058,"Coupe Cooper",177
305800,"Clubman Cooper",177
305801,"Cabrio Cooper",177
305802,"Hatch Cooper",177
305803,"Roadster Cooper",177
305804,"Paceman Cooper",177
305805,"Countryman Cooper",177
3060,"Clubman Cooper S",177
306000,"Countryman Cooper S",177
306001,"Paceman Cooper S",177
306002,"Cabrio Cooper S",177
306003,"Hatch Cooper S",177
306004,"Coupe Cooper S",177
3062,"Roadster John Cooper Works",177
306200,"Clubman John Cooper Works",177
306201,"Hatch John Cooper Works",177
306202,"Countryman John Cooper Works",177
3064,"Clubman Cooper D",177
306400,"Countryman Cooper D",177
3066,"Countryman Cooper SD",177
3068,"Altea Freetrack",231
306800,Safrane,217
3070,"Altea XL",231
3071,Scenic,217
3081,Symbol,217
3084,Twingo,217
3087,"Vel Satis",217
3089,Corniche,219
3096,"Silver Seraph",219
3100,"Charger SRT-8",71
310000,"Challenger SRT-8",71
3104,45,221
3107,600,221
3109,9-3,222
3114,"F430 Spider",79
311400,"348 Spider",79
311401,"458 Spider",79
3115,9-5,222
3116,"Caliber SRT-4",71
3120,900,222
3122,"RAM SRT-10",71
3132,"Forester S-Edition",246
3142,"Explorer Sport",82
3143,ION,226
3150,"Mobilio Spike",104
315000,"Freed Spike",104
3151,VUE,226
3154,Ibiza,231
3163,133,231
3165,Alhambra,231
3167,Arosa,231
3169,Cordoba,231
3174,"911 Carrera S",208
3176,"911 Carrera 4",208
3178,"911 Carrera 4S",208
3179,Leon,231
3188,"508 GT",205
318800,"207 GT",205
3191,Toledo,231
3192,"EX EX25",114
3194,"EX EX35",114
3196,"EX EX37",114
3198,"M M25",114
319800,Fabia,236
3200,"M M37",114
3202,"M M56",114
3207,Felicia,236
3210,"M M45",114
3212,"M M35",114
3213,Octavia,236
3214,"FX FX35",114
3216,"FX FX45",114
3218,"FX FX37",114
3220,"FX FX30d",114
3222,Rapid,236
322200,"FX FX50",114
3224,Superb,236
322400,"QX QX56",114
3226,"QX QX4",114
3232,Chairman,243
323200,"G G20",114
3234,"G G25",114
3236,"G G35",114
3238,"G G37",114
323800,Rexton,243
3241,Baja,246
3242,"I I30",114
3244,"I I35",114
3246,Domingo,246
3249,Forester,246
3253,Impreza,246
3262,Justy,246
3267,Legacy,246
3268,"Forester tS",246
3270,"Voyager Grand Voyager",50
3274,"FX FX Vettel Edition",114
3278,Leone,246
3284,"XE S",125
328400,Pleo,246
328401,"F-Type S",125
3287,SVX,246
3288,"Roadster Brabus",237
3289,Traviq,246
3291,Vivio,246
3295,Aerio,247
3303,"Grand Vitara",247
3308,Ignis,247
3310,Jimny,247
3315,Liana,247
3316,"Mulsanne Speed",25
331600,"Continental GT Speed",25
3318,"Continental GT Supersports",25
3320,"4200 GT GranSport",164
332000,"MR Wagon",247
3324,Swift,247
3332,"1102 «Таврия» 1140",296
333200,X-90,247
3338,"968 М",296
3340,"968 А",296
3355,Aria,251
3360,Indica,251
3364,Sumo,251
3367,T613,252
3384,4Runner,260
3389,Allion,260
3391,Altezza,260
3394,Aristo,260
3397,Avalon,260
3400,Avensis,260
3401,"Avensis Verso",260
3404,"458 Italia",79
3412,bB,260
3419,Brevis,260
3421,Caldina,260
3426,Cami,260
3427,Camry,260
3434,"F430 Scuderia",79
3436,"DB7 Vantage",14
3444,Carina,260
3456,"V8 Vantage S",14
3460,"1105 «Дана» 1105",296
3461,Celica,260
3462,"1102 «Таврия» 1102",296
3464,"1102 «Таврия» 110207",296
3466,"1102 «Таврия» 110218",296
3471,Chaser,260
3474,"2717 27171",299
3476,Corolla,260
347600,"2717 27175",299
3477,"Corolla Verso",260
3478,"2125 «Комби» 2125",299
3480,"2125 «Комби» 21251",299
3486,"2126 «Ода» Ника",299
3516,Corona,260
3518,"21 «Волга» 21В",292
3520,"21 «Волга» 21Л",292
3522,"21 «Волга» 21Р",292
3526,"21 «Волга» 21Г",292
3530,Cresta,260
3535,Crown,260
3544,"24 «Волга» 24",292
3546,"24 «Волга» 2401",292
3548,"24 «Волга» 2402",292
3550,"24 «Волга» 2404",292
3552,"24 «Волга» 2407",292
3554,Curren,260
3555,Cynos,260
3556,"24 «Волга» 2410",292
3558,"24 «Волга» 2411",292
3560,"24 «Волга» 2412",292
356000,Duet,260
3562,Gaia,260
3563,Harrier,260
3565,Highlander,260
3566,"24 «Волга» 2417",292
3568,"24 «Волга» 2434",292
356800,Ipsum,260
3572,Kluger,260
3573,"Land Cruiser",260
3585,"Mark II",260
3590,"2140 2140",316
3592,"2140 21406",316
3596,"Mega Cruiser",260
3597,MR2,260
3602,Nadia,260
3603,Opa,260
3607,Paseo,260
3611,Picnic,260
3614,Platz,260
361400,"2141 2141",316
3616,Premio,260
361600,"2141 21412",316
3618,"2141 2141-10",316
3619,Previa,260
3622,Prius,260
362200,"2141 21412-01",316
3624,"2141 2141-01",316
3626,"Святогор 214122",316
362600,"2141 214122",316
3627,Progres,260
3628,"2141 214123",316
3631,Raum,260
3633,"RAV 4",260
3640,Scepter,260
364000,"Святогор 214100",316
3642,"Святогор 214145",316
3643,Sequoia,260
3647,Sera,260
3648,Sienna,260
3652,Soarer,260
3656,Starlet,260
3661,Supra,260
3664,Tercel,260
3669,Verossa,260
3670,"Князь Владимир 2142-179",316
3671,Vista,260
3674,"Князь Владимир 214221-149",316
3678,Vitz,260
3681,Windom,260
3684,"Rocsta R2",12
3685,Yaris,260
3687,"Yaris Verso",260
3695,"P 601",261
3704,"Panamera S E-Hybrid",208
3706,"Panamera 4S Executive",208
3708,"Panamera Turbo Executive",208
3716,"EB Veyron 16.4 SS",36
3718,"Vibe GT",207
3721,TR8,263
3758,"Voyager Grand Voyager",206
3760,"X300 Super Eight",64
3764,3159,336
3766,3153,336
3768,3160,336
3774,"3162 Simbir",336
3782,469,336
3792,"Rodeo Sport",121
3817,2101,288
3822,2102,288
3826,2103,288
3830,2104,288
3838,2105,288
3845,2106,288
3850,2107,288
3857,2108,288
3863,2109,288
3871,2110,288
3882,2111,288
3891,2112,288
3897,2113,288
3899,2114,288
3901,2115,288
3906,"2120 Надежда",288
3910,"1111 Ока 11116",232
3912,"1111 Ока 1111",232
3914,"1111 Ока 11113",232
3915,2123,288
3917,"2131 (4x4)",288
3921,2328,288
3930,"5er M550d xDrive",30
3948,181,273
3954,Corrado,273
3959,Golf,273
3970,"Golf Plus",273
3976,Iltis,273
3979,"Type 1",273
3981,Lupo,273
3983,Beetle,273
3986,"4er 428",30
3987,Passat,273
3990,"4er 435",30
3996,"4er 420",30
4002,"4er 430",30
400200,Phaeton,273
4004,Polo,273
4019,Santana,273
4020,Scirocco,273
4024,Sharan,273
4029,Touareg,273
4033,Touran,273
4036,Vento,273
4042,"Insignia Insignia Country Tourer",197
4043,"300 Series",274
4046,440,274
4048,460,274
4052,740,274
4055,760,274
4060,850,274
4063,940,274
4074,S40,274
4076,"Passat Alltrack",273
4077,S60,274
4078,"Kangoo Trekka",217
4080,S70,274
408000,"Lancer Cedia",181
4082,S80,274
4085,S90,274
4087,V40,274
4089,V90,274
408900,"LS 600h",152
4091,"Wagon R+ Solio",247
409100,XC90,274
4106,"1102 «Таврия»",296
4108,"1103 «Славута»",296
4113,V70,274
4118,348,79
4119,"Forester STi",246
4122,360,79
4127,"Kangoo Be Bop",217
4135,XK,125
4136,"Citan 108 CDI",170
413600,"Vito 108 CDI",170
4137,"Vito 109 CDI",170
413700,"Citan 109 CDI",170
4138,"Vito 111 CDI",170
4144,RAM,71
4145,Ramcharger,71
4150,Kadett,197
4165,Maxima,191
4166,"Equus Limousine",109
4168,"Santa Fe Grand Santa Fe",109
4173,Patrol,191
4182,Vanette,191
4183,"2er 220",30
4184,Datsun,191
4185,"2er M235i",30
4191,"Z4 35is",30
4194,"X6 ActiveHybrid",30
4204,"F-Type R",125
4207,"Hatch John Cooper Works GP",177
4213,"500 Abarth",80
4216,"Panamera Turbo S Executive",208
4217,"Deer G1",95
4218,"Deer G2",95
4219,"Deer G3",95
4221,"Deer G5",95
4223,HiAce,260
4225,LiteAce,260
4227,WiLL,260
4231,"Hatch Cooper S JCW",177
4242,C70,274
424200,"Corvette Z06",49
4244,"S-klasse Pullman",170
4246,Partner,104
4248,"2er Active Tourer 225",30
4249,Tucson,109
4250,"Santa Fe Classic",109
4251,"Elantra ТаГаз",109
4252,408,316
425200,"SLR McLaren Stirling Moss",170
4254,3,166
4259,XC70,274
4260,"California T",79
4266,SRX,41
4269,Aveo,49
4272,"A3 g-tron",15
4274,Avella,134
4277,1er,30
4278,"C5 CrossTourer",52
4287,"Vito 110 CDI",170
428700,9-7X,222
4288,"Vito 112 CDI",170
4289,Element,104
428900,"Vito 113",170
4290,"Vito 114",170
4291,"Vito 119",170
4292,"Vito 122",170
429200,"Fit Aria",104
4295,"Vito 113 CDI",170
4296,Sedona,134
429600,"Vito 115 CDI",170
4297,"Vito 116 CDI",170
4298,Gallardo,145
429800,"Vito 120 CDI",170
4302,Modus,217
4304,Logan,217
4306,Cerato,134
4311,CLS-klasse,170
4313,"SLR McLaren",170
4317,"1er 123",30
4318,C4,52
4321,"C4 Picasso",52
4324,401,316
4326,402,316
4328,"SR-V X3",282
4332,"Pickup X3",282
4333,"599 GTB Fiorano",79
4334,Patriot,336
4336,Brera,7
4338,xA,230
4339,"360 Modena",79
4340,xB,230
4343,tC,230
4344,"Kangoo Grand Kangoo",217
4345,"Espace Grand Espace",217
4346,B-klasse,170
4348,C6,52
4350,Cayman,208
4351,"24 «Волга» 2477",292
4352,Aygo,260
4358,R-klasse,170
4375,Cobalt,49
437500,"Camaro ZL1",49
4379,Uplander,49
4381,Equinox,49
4393,Freestyle,82
4398,FR-V,104
4401,"Largus Cross",288
440100,"Kalina Cross",288
4402,159,7
4404,Teana,191
4407,Fox,273
4409,Kalina,288
4411,"Vito 114 CDI",170
4414,1007,205
4415,"Vito 119 BlueTEC",170
4416,Cowboy,69
4428,Q7,15
4430,Jinn,77
4432,Sedici,80
4434,107,205
4436,Note,191
4442,"Navara (Frontier)",191
4443,"911 Carrera GTS",208
4445,CX-7,166
444500,"5er Gran Turismo",30
444501,"3er Gran Turismo",30
4449,"Passat GTE",273
4452,GL-klasse,170
4455,Caliber,71
4457,Shuttle,69
4459,Samand,112
4461,Captiva,49
4467,"Carnival Grand Carnival",134
4471,"2121 (4x4) Urban",288
4483,"Caddy Maxi",273
4487,"2108 Natacha",288
4501,"911 Carrera 4 GTS",208
4513,"Continental GT GT3-R",25
4539,"911 Targa",208
4541,"911 Targa 4",208
4543,"911 Targa 4S",208
4565,"850 T-5R",274
4572,Safe,95
4590,Roadster,280
4866,Brio,573
5167,Cougar,171
7313,90,15
8109,V8,15
9789,Brougham,41
9791,Evanda,49
9794,Lacetti,49
9797,Lanos,49
9799,Spark,49
9804,Metro,49
9808,Rezzo,49
9810,Viva,49
9854,300C,50
9857,300M,50
9892,C1,52
9894,C2,52
9915,Shuttle,60
9933,Rocky,63
9954,Magnum,71
9956,Neon,71
9960,Stratus,71
9964,Viper,71
9971,Vision,74
9978,Albea,80
9981,Barchetta,80
9983,Coupe,80
10146,Orion,82
10732,Ranger,82
10736,Safari,90
10739,Sierra,90
10856,Delica,181
10865,Urvan,191
10868,Titan,191
10881,Partner,205
10932,Integra,104
11008,Coupe,109
11523,Rodeo,121
11966,GS,152
11970,"14 «Чайка»",292
11972,"М-20 «Победа»",292
11975,"21 «Волга»",292
12016,Storm,89
12022,Continental,153
12026,LS,153
12082,6,166
12089,Omega,197
12118,Lancer,181
12140,Astra,197
12162,Zafira,197
12165,Commodore,197
12170,Frontera,197
12175,Vectra,197
12184,Corsa,197
12191,Senator,197
12194,Combo,197
12197,Jetta,273
12206,Bora,273
12230,Lavita,109
12232,"Grand Marquis",171
12239,"Metrocab I",173
12240,"Metrocab II (TTT)",173
12276,207,205
12279,407,205
12284,Aspire,181
12285,Endeavor,181
12301,Mini,221
12304,75,221
12312,200,221
12318,25,221
12320,400,221
12325,800,221
12483,Armada,191
12592,Alero,196
12615,Neon,206
12620,Voyager,206
12625,"Trans Sport",207
12759,"Silver Spur",219
12763,LS,226
12768,SL,226
12863,Roadster,237
12867,C8,242
12869,Korando,243
12873,Musso,243
12875,Rodius,243
12879,Alto,247
12888,"Wagon R+",247
12928,Century,260
13060,Flyer,40
13245,S-MAX,82
13321,Commander,127
13328,Pointer,273
13333,"Tourneo Connect",82
13384,Eos,273
13502,Antara,197
13507,Tribeca,246
13510,Москвич-412,299
13512,"2125 «Комби»",299
13519,BLS,41
13521,Jumpy,52
13542,STS,41
13568,Verna,109
13570,Grandeur,109
13576,"Tiggo (T11)",48
13578,"Oriental Son (B11)",48
13622,Scudo,80
13633,Sailor,95
13639,"Starex (H-1)",109
13689,Kyron,243
13697,Wizard,121
13699,X6,148
13701,Expert,205
13728,Trafic,217
13742,Actyon,243
13762,Hilux,260
13792,Le-Seyde,182
13798,Century,254
13800,Admiral,255
13808,Echo,260
13810,Estima,260
13813,Fortuner,260
13815,FunCargo,260
13817,Granvia,260
13824,Ist,260
13826,"MasterAce Surf",260
13828,Matrix,260
13833,Noah,260
13835,Probox,260
13838,Regius,260
13839,RegiusAce,260
13840,Sparky,260
13842,Sprinter,260
13847,Succeed,260
13852,TownAce,260
13854,Tacoma,260
13858,Voltz,260
13860,Voxy,260
13862,Wish,260
13864,RDX,5
13928,V50,274
13930,"1111 Ока",288
13937,Epica,49
13953,L200,181
13969,Raider,181
14103,C30,274
14231,5,166
14428,Compass,127
14432,Veracruz,109
14496,Primastar,191
14593,114,297
14595,117,297
14597,4104,297
15009,Spectra,134
15080,400,316
15084,412,316
15087,2137,316
15091,967,311
15094,"1302 Волынь",311
15101,965,296
15105,968,296
15134,Altea,231
15153,"24 «Волга»",292
15180,2129,288
15214,Simbo,573
15216,Princip,573
15323,HHR,49
15413,599,79
15417,Marshal,160
15586,Tiburon,109
15621,Ridgeline,104
15733,"Amulet (A15)",48
15739,SM7,225
15765,Silverado,49
15813,Roomster,236
15847,"Fora (A21)",48
15854,DTS,41
15960,"Breez (520)",645
15963,Qashqai,191
15967,Wingle,95
15971,Logan,59
15979,Lafesta,191
15991,Charger,71
16002,F430,79
16115,MKX,153
16248,Rogue,191
16282,CX-9,166
16322,Mariner,171
16457,Solstice,207
16487,9-2X,222
16621,Auris,260
16624,Caddy,273
16783,Fortwo,237
16790,Sceo,670
16793,Avalanche,49
16797,"M1 (BS6)",671
16799,"M2 (BS4)",671
16820,Optima,134
16824,Damas,61
16830,F-150,82
16836,"Liberty (North America)",127
16873,100,15
16965,Tundra,260
16968,Alphard,260
16974,Corsa,260
16977,Protege,166
16981,March,191
16986,AD,191
16997,Montero,181
16998,"Montero Sport",181
16999,"Fairlady Z",191
17007,Sienta,260
17072,Fleetwood,41
17074,Starcraft,49
17076,Intrepid,50
17079,Storia,63
17081,Pyzar,63
17083,Aurora,69
17085,Tacuma,61
17087,Tuscani,109
17090,Bighorn,121
17094,Capella,166
17099,Familia,166
17103,Vita,197
17105,"FJ Cruiser",260
17107,Cavalier,260
17116,BT-50,166
17118,80,15
17145,Luce,166
17148,Expert,191
17152,Escudo,247
17157,Allex,260
17159,69,292
17179,Van,49
17191,"Mark X",260
17192,"Mark X ZiO",260
17197,Bongo,166
17198,"Bongo Friendee",166
17214,Colorado,49
17218,Viano,170
17219,Rafaga,104
17238,F3,40
17244,Priora,288
17273,Cee'd,134
17282,Saratoga,50
17403,Forfour,237
17578,Bronco,82
17642,Pegasus,95
17644,Linea,80
17670,"Sweet (QQ)",48
17738,R8,15
18525,R2,246
18527,Nitro,71
18648,"Besturn B50",77
18650,Vita,77
18658,Sens,296
18774,Plutus,69
18796,Daytona,71
18798,Copen,63
18802,Esse,63
18804,Be-go,63
18891,"Liberty (Patriot)",127
18902,A5,15
18991,Tiida,191
19065,Ypsilon,146
19091,MKZ,153
19103,"CK (Otaka)",88
19108,Verisa,166
19111,Axela,166
19232,Landmark,780
19234,"Grand Tiger",780
19281,Passo,260
19284,Boon,63
19357,i,181
19434,"M1 (Refine)",124
19436,"S1 (Rein)",124
19439,i30,109
19455,Smoothing,60
19503,DBS,14
19538,Edge,82
19540,GranTurismo,164
19543,Tiguan,273
19569,Avante,109
19613,Bipper,205
19884,C-Crosser,52
19924,C-MAX,82
19929,4007,205
19953,"1105 «Дана»",296
19958,Musa,146
19982,Materia,63
20032,Outback,246
20049,XF,125
20067,"13 «Чайка»",292
20081,2329,288
20095,Antelope,847
20352,Enclave,37
20356,EX,114
20425,Porte,260
20515,Genesis,109
20517,"Mohave (Borrego)",134
20542,ISis,260
20568,Airwave,104
20576,"Granada (North America)",82
20646,Vito,170
20666,Challenger,71
20704,Multivan,273
20742,Splash,247
20758,Socool,95
20761,Shuttle,104
20783,Venza,260
20794,308,205
20815,xD,230
20841,С-3А,895
20842,С-3Д,895
20847,"Fifth Avenue",50
20891,Kuga,82
20954,Rapide,14
22056,Clubman,177
22061,Countryman,177
22204,GT-R,191
23067,Pantera,68
23400,Festiva,82
23852,"QQ6 (S21)",48
23856,"Kimo (A1)",48
24061,MK,88
24063,"FC (Vision)",88
24067,CLC-klasse,170
24081,Sandero,59
24095,California,79
24162,Doblo,80
24247,Massif,122
24258,X300,64
24260,Tanto,63
24268,Xenia,63
24331,GLK-klasse,170
24341,Winstorm,61
24521,MiTo,7
24523,Journey,71
24675,Koleos,217
24797,Q5,15
24801,Tager,1038
24807,Gentra,61
25039,Edix,104
25041,Fuga,191
25094,Peri,95
25153,Every,247
25174,"NP 300",191
25177,Picanto,134
25210,"Volga Siber",292
25212,Ractis,260
25218,Stella,246
25242,М1,292
25245,"Corolla Rumion",260
25267,"Road Partner",1038
25269,Insignia,197
25312,F0,40
25393,Reno,247
25415,XC60,274
25501,Cruze,49
25502,"Cruze (HR)",49
25511,Flex,82
25518,"CrossEastar (B14)",48
25526,Crossroad,104
25682,180SX,191
25825,Pickup,336
25836,"Urban Cruiser",260
25851,Soul,134
25882,Elysion,104
25884,iQ,260
25996,"Wagon R",247
26206,Typhoon,90
26221,Belta,260
26341,Blade,260
26408,Rush,260
26676,Biante,166
26686,i20,109
26692,i10,109
26694,"Explorer Sport Trac",82
26750,Exeo,231
26830,3008,205
26858,MDX,104
26932,D-Max,121
27770,Panamera,208
27789,370Z,191
28473,"Proceed Marvie",166
28848,Yeti,236
29027,Vega,1038
29090,Coolbear,95
29092,Florid,95
29120,Celsior,260
29141,Chance,296
29260,Leaf,191
29374,Caravan,191
29448,Ghost,219
29452,Fluence,217
29466,"Efini MS-8",166
29520,Evora,154
29532,Langley,191
29554,Amigo,121
29622,"Grand Wagoneer",127
29653,Figaro,191
29770,ix55,109
29881,"Cowry (V80)",95
30149,Lantra,109
30177,X5,30
30338,Dynasty,50
30372,"SLS AMG",170
30376,SL-klasse,170
30386,Sandero,217
30399,Ascot,104
30403,ZDX,5
30411,Terrain,90
30518,Baodian,1157
30577,Solano,645
30579,Smily,645
30640,Vellfire,260
30660,"Jeep J",181
30678,Minicab,181
30729,Самоделка,1670
30731,Мелкосерийная,1670
30751,Traverse,49
30796,5008,205
30842,Equus,109
30907,ix35,109
30942,Soluna,260
31145,"M11 (A3)",48
31157,Clipper,191
31446,RS5,15
31569,A1,15
31575,HS,152
31582,Venga,134
31702,ASX,181
31781,RCZ,205
31785,Amarok,273
31867,458,79
31871,Duster,59
32005,Verso,260
32065,508,205
32088,Chevette,49
41822,DS3,52
41901,MKT,153
42075,A7,15
42144,Routan,273
42151,Juke,191
42286,Kizashi,247
42362,M,114
42382,Vios,260
42630,Latitude,217
42782,Parisienne,207
42792,Corda,534
42804,3,2040
42822,"2330 «Тигр»",292
42867,Qubo,80
42883,Tingo,534
42937,Estina,534
43072,Laplander,274
43098,Nouera,182
43104,CT,152
43300,Pony,109
43344,Exiga,246
43409,FF,79
43431,Dex,246
43433,Sambar,246
43435,Lucra,246
43441,Trezia,246
43533,CCX,137
43597,CR-Z,104
43676,Midi,588
43926,"Otti (Dayz)",191
44049,V60,274
44052,RS3,15
44195,Crosstour,104
44447,"Bonus (A13)",48
44490,Ninety-Eight,196
44715,"Model S",1689
44903,Vanguard,260
45050,Veloster,109
45067,"IndiS (S18D)",48
45157,Orlando,49
45215,Q3,15
45315,Very,48
45338,"Range Rover Evoque",147
45524,Volt,49
45667,DS4,52
45712,Cadenza,134
45719,Granta,288
45764,Freed,104
45843,"MK Cross",88
45844,Persona,166
45853,G,114
45858,I,114
45867,QX,114
45921,"Carina ED",260
45926,"Crown Majesta",260
45927,"Land Cruiser Prado",260
45930,CX-5,166
45932,MKS,153
45937,Zest,104
45941,Solaris,109
45942,Duster,217
45954,W123,170
45955,W124,170
48157,PS-10,2347
48158,C-30,1038
48165,Aventador,145
48182,"Efini MS-6",166
48184,"Emgrand EC7",88
48202,4008,205
48222,S5,15
48230,"C4 Aircross",52
48244,GT86,260
48250,ILX,5
48336,"Blazer K5",49
48348,S7,15
48350,Mokka,197
48374,"Civic Ferio",104
48376,"Genesis Coupe",109
48378,i-MiEV,181
48386,Largus,288
48404,408,205
48406,"Golf Country",273
48424,Ray,134
48426,"Lancer Evolution",181
48430,"Pajero Sport",181
48432,"Bluebird Sylphy",191
48466,"Passo Sette",260
48496,ix20,109
48498,Turismo,206
48522,Monza,197
48532,924,208
48534,944,208
48542,"100 Series",236
48548,Favorit,236
48554,Baleno,247
48556,Forenza,247
48564,Kei,247
48574,SX4,247
48582,XL7,247
48592,11,217
48594,9,217
48602,16,217
48610,21,217
48612,25,217
48618,5,217
48624,Fuego,217
48632,9000,222
48638,"Actyon Sports",243
48656,XV,246
48662,"140 Series",274
48664,164,274
48666,"240 Series",274
48672,960,274
48674,GT,197
48678,"2121 (4x4)",288
48682,X1,30
48686,X3,30
48694,X6,30
48704,Z3,30
48708,Z4,30
48714,Z8,30
48716,Cirrus,50
48726,"Escort (North America)",82
48730,"Fusion (North America)",82
48732,Fusion,82
48736,Deer,95
48738,Hover,95
48744,Defender,147
48750,W114,170
48752,W115,170
48754,V-klasse,170
48776,"Hilux Surf",260
48802,"WiLL Cypha",260
48812,"Luxgen7 SUV",2362
48870,ATS,41
48900,C-Elysee,52
48902,Quoris,134
48914,208,205
50532,CLA-klasse,170
50552,Cascada,197
50630,"Hover M2",95
50672,Tunland,588
50674,"Passat CC",273
50680,Aquila,1038
50688,X60,645
50694,Paceman,177
50698,BRZ,246
50712,Cabrio,177
50714,Coupe,177
50732,NV200,191
50740,MP4-12C,167
50758,301,205
50770,Express,49
50784,C10,1038
50790,"Gran Move",63
50792,Canyon,90
50802,MW,49
50822,200,50
50828,DS5,52
50832,C190,1038
50834,Vandura,90
50856,Sai,260
50898,Verso-S,260
50926,Odyssey,104
50934,"Flying Spur",25
50938,V5,77
50992,JX,114
51000,i40,109
51014,"Series III",147
51036,Pixo,191
51080,F12berlinetta,79
51084,"Mark VII",153
51086,Vida,296
51108,Karma,2372
51232,F-Type,125
51242,57,165
51244,62,165
51246,Phantom,219
51262,"Continental GT",25
51310,Hunter,336
51320,3151,336
51346,2717,299
51404,"3102 «Волга»",292
51406,"31029 «Волга»",292
51408,"3105 «Волга»",292
51410,"3110 «Волга»",292
51412,"31105 «Волга»",292
51414,"3111 «Волга»",292
51416,"3103 «Волга»",292
51420,LaFerrari,79
51534,350,174
51556,"Cutlass Supreme",196
51558,"Cutlass Ciera",196
51594,X308,64
51608,X350,64
51658,"H30 Cross",597
51676,Persona,211
51756,1.3,276
51838,969,311
51842,7,2040
51856,"Hover M4",95
51878,"1111 Ока",232
51888,Freemont,80
51904,Wraith,219
51950,4er,30
51964,Dart,71
52020,Roadster,177
52064,21099,288
52082,RS7,15
52112,"Korando Family",243
52138,"RS Q3",15
52142,"Ranger (North America)",82
52174,"1111 Ока",301
52181,"Prius v (+)",260
52191,GLA-klasse,170
52205,"Almera Classic",191
52218,Citan,170
52238,Рысь,2390
52256,SQ5,15
52258,Roox,191
52271,Maxcruz,109
52277,QX70,114
52278,Q50,114
52279,QX50,114
52280,Q60,114
52281,QX60,114
52282,QX80,114
52287,Stavic,243
52309,4C,7
52323,Solio,247
52331,2er,30
52355,Macan,208
52374,"Emgrand EC8",88
52375,"Emgrand X7",88
52377,CS35,1284
52379,Eado,1284
52438,"Eunos Cosmo",166
52441,"Hover M1 (Peri 4x4)",95
52445,Oley,77
52450,EcoSport,82
52453,i8,30
52463,"S5 (Eagle)",124
52477,"Pajero Mini",181
52488,2008,205
52502,"Passat (North America)",273
52513,"Prius c",260
52517,"Sprinter Carib",260
52521,"Sprinter Trueno",260
52526,"Sprinter Marino",260
52527,"TC by Maserati",50
52531,"2er Active Tourer",30
52541,"Cebrium (720)",645
52551,X4,30
52553,V5,671
52555,M3,2040
52561,on-DO,66
52573,Palette,247
52582,SV12,2394
52584,"M V12",2394
52589,"Celliya (530)",645
52590,Q70,114
52591,GC6,88
52596,S30,597
52601,WRX,246
52618,Caravelle,273
52628,Transporter,273
52640,Vivaro,197
52641,California,273
52645,"Tourneo Custom",82
52657,Grace,109
52665,650S,167
52667,Vitara,247
52679,"Tiggo 5",48
52680,"Bonus 3 (E3/A19)",48
52685,NX,152
52687,Реплика,1670
52702,Boliger,2396
52709,mi-DO,66
52715,TLX,5
52753,"Arrizo 7",48
52771,Renegade,127
52785,Лимузин,1670
52843,TTS,15
52845,"TT RS",15
52853,"Korando Sports",243
52857,"Hover H6",95
52859,"Hover H5",95
52861,"Hover H3",95
52871,"AMG GT",170
52881,XE,125
52969,"Discovery Sport",147
53199,H530,671
53307,B6,8
53319,B3,8
53335,D3,8
53341,B7,8
53363,B5,8
53491,"Focus (North America)",82
53591,"Camry Solara",260
53601,Samurai,247
53603,"Camry (Japan)",260
53669,"Maybach S-klasse",170
53687,Streetwise,221
53717,1M,30
53721,M3,30
53733,M4,30
53735,M5,30
53737,M6,30
53745,"Z3 M",30
53757,"X5 M",30
53759,"X6 M",30
53771,"Z4 M",30
53773,"A-klasse AMG",170
53781,"C-klasse AMG",170
53807,"CL-klasse AMG",170
53817,"CLA-klasse AMG",170
53819,"CLK-klasse AMG",170
53829,"CLS-klasse AMG",170
53841,"G-klasse AMG",170
53843,"G-klasse AMG 6x6",170
53851,"GLA-klasse AMG",170
53853,"M-klasse AMG",170
53865,"SLK-klasse AMG",170
53879,"SL-klasse AMG",170
53893,"S-klasse AMG",170
53909,"E-klasse AMG",170
53977,"Corolla Spacio",260
53991,CTS-V,41
53993,XFR,125
53999,XKR,125
54001,"Grand Cherokee SRT8",127
54009,"300C SRT8",50
54015,"IS F",152
54017,"RC F",152
54019,"Cee'd GT",134
54033,"3 MPS",166
54041,"6 MPS",166
54043,"Impreza WRX",246
54059,"911 GT3",208
54067,"Clio RS",217
54083,"Megane RS",217
54095,"Fabia RS",236
54103,"Octavia RS",236
54117,"Civic Type R",104
54139,"Fiesta ST",82
54147,"Focus ST",82
54157,"Focus RS",82
54165,"Leon Cupra",231
54167,"Mondeo ST",82
54173,"Astra OPC",197
54189,"Golf GTI",273
54209,"Corsa OPC",197
54217,"Insignia OPC",197
54237,"Golf R",273
54245,"Meriva OPC",197
54249,"Vectra OPC",197
54253,"Zafira OPC",197
54267,"Polo R WRC",273
54289,"205 GTi",205
54291,"208 GTi",205
54353,"WRX STi",246
54355,"Impreza WRX STi",246
54373,"Voleex C30",95
54401,"GL-klasse AMG",170
54414,XJR,125
54438,"V40 Cross Country",274
54480,"Speedster II",490
1000042,"Camaro SS",49
1000076,"Caravan Grand Caravan",71
1000430,"G-klasse AMG 36 AMG",170
100043000,"C-klasse AMG 36 AMG",170
100043001,"E-klasse AMG 36 AMG",170
1000434,"S-klasse AMG 55 AMG",170
100043400,"G-klasse AMG 55 AMG",170
100043401,"SLK-klasse AMG 55 AMG",170
100043402,"CL-klasse AMG 55 AMG",170
100043403,"CLK-klasse AMG 55 AMG",170
100043404,"CLS-klasse AMG 55 AMG",170
100043405,"M-klasse AMG 55 AMG",170
100043406,"E-klasse AMG 55 AMG",170
1000436,"GL-klasse AMG 63 AMG",170
100043600,"G-klasse AMG 63 AMG",170
100043601,"S-klasse AMG 63 AMG",170
100043602,"CL-klasse AMG 63 AMG",170
100043603,"E-klasse AMG 63 AMG",170
100043604,"CLS-klasse AMG 63 AMG",170
100043605,"M-klasse AMG 63 AMG",170
100043606,"C-klasse AMG 63 AMG",170
100043607,"G-klasse AMG 6x6 63 AMG",170
1000440,"SLK-klasse AMG 32 AMG",170
100044000,"C-klasse AMG 32 AMG",170
1000442,"CL-klasse AMG 65 AMG",170
100044200,"G-klasse AMG 65 AMG",170
100044201,"S-klasse AMG 65 AMG",170
1000446,"E-klasse AMG 50 AMG",170
1000448,"E-klasse AMG 60 AMG",170
1000458,"CLA-klasse AMG 45 AMG",170
100045800,"GLA-klasse AMG 45 AMG",170
1000778,"GLE Coupe 450 AMG",170
1000782,"Juke Nismo RS",191
1000792,"3er 340",30
1000800,"Challenger Hellcat",71
1000849,"NX 200t",152
100084900,"IS 200t",152
1000857,"S-klasse 400",170
100085700,"GLE 400",170
100085701,"E-klasse 400",170
100085702,"Maybach S-klasse 400",170
100085703,"GL-klasse 400",170
100085704,"CLS-klasse 400",170
100085705,"G-klasse 400",170
100085706,"SL-klasse 400",170
100085707,"GLE Coupe 400",170
100085708,"M-klasse 400",170
1000859,"S-klasse 450",170
100085900,"GL-klasse 450",170
100085901,"C-klasse 450",170
1001860,"Astra Astra GTC",197
1005941,Telstar,82
1006676,Qashqai+2,191
1231128,"12 ЗИМ",292
1231146,67,292
1231520,Special,37
1233470,Olympia,197
8771323,H8,2401
9932770,"V60 Cross Country",274
11242544,"488 GTB",79
11452802,H9,2401
11452929,GLE,170
11872786,"GLE Coupe",170
11872790,"AMG GLE Coupe",170
11922902,"Lancer Ralliart",181
11932628,"S60 Cross Country",274
11992743,"Juke Nismo",191
12219129,X50,645
12284579,GLC-klasse,170
12366884,"Model A",82
12366942,Galaxie,82
12367133,"Trumpf Junior",12367128
12367268,"190 SL",170
12367321,W110,170
12367350,S,25
12373259,321,30
12373281,326,30
12373323,340,30
12373490,"Series 62",41
12373604,Skyhawk,37
12373643,MB,12373638
12373744,"Silver Cloud",219
12373953,57,252
12382853,"Type 2",273
12382974,"El Camino",49
12383319,"Traction Avant",52
12383548,WC,71
12383625,Barracuda,206
12383706,Fury,206
12383775,М-72,292
12383862,356,208
12384203,"EL Lada",288
12384504,Т98,12384499
12392872,"120 Series",274
12433249,H350,109
12433378,W121,170
12453994,2000,12453989
12462936,"Imperial Crown",50
12473386,TR6,263
12483236,Gentra,12483231
12483323,110,12483318
12493092,105/115,7